Общо;Общо;2003Q1;брой лица в хиляди;499.6;
Общо;Общо;2003Q2;брой лица в хиляди;457.3;
Общо;Общо;2003Q3;брой лица в хиляди;426.3;
Общо;Общо;2003Q4;брой лица в хиляди;411.4;
Общо;Общо;2004Q1;брой лица в хиляди;428.8;
Общо;Общо;2004Q2;брой лица в хиляди;406.1;
Общо;Общо;2004Q3;брой лица в хиляди;373.0;
Общо;Общо;2004Q4;брой лица в хиляди;391.0;
Общо;Общо;2005Q1;брой лица в хиляди;362.3;
Общо;Общо;2005Q2;брой лица в хиляди;332.9;
Общо;Общо;2005Q3;брой лица в хиляди;312.9;
Общо;Общо;2005Q4;брой лица в хиляди;328.5;
Общо;Общо;2006Q1;брой лица в хиляди;315.2;
Общо;Общо;2006Q2;брой лица в хиляди;308.9;
Общо;Общо;2006Q3;брой лица в хиляди;310.4;
Общо;Общо;2006Q4;брой лица в хиляди;288.4;
Общо;Общо;2007Q1;брой лица в хиляди;272.7;
Общо;Общо;2007Q2;брой лица в хиляди;237.8;
Общо;Общо;2007Q3;брой лица в хиляди;235.1;
Общо;Общо;2007Q4;брой лица в хиляди;215.3;
Общо;Общо;2008Q1;брой лица в хиляди;228.8;
Общо;Общо;2008Q2;брой лица в хиляди;207.2;
Общо;Общо;2008Q3;брой лица в хиляди;185.1;
Общо;Общо;2008Q4;брой лица в хиляди;177.7;
Общо;Общо;2009Q1;брой лица в хиляди;222.2;
Общо;Общо;2009Q2;брой лица в хиляди;222.6;
Общо;Общо;2009Q3;брой лица в хиляди;234.5;
Общо;Общо;2009Q4;брой лица в хиляди;272.8;
Общо;Общо;2010Q1;брой лица в хиляди;344.5;
Общо;Общо;2010Q2;брой лица в хиляди;345.0;
Общо;Общо;2010Q3;брой лица в хиляди;330.5;
Общо;Общо;2010Q4;брой лица в хиляди;389.4;
Общо;Общо;2011Q1;брой лица в хиляди;402.0;
Общо;Общо;2011Q2;брой лица в хиляди;372.3;
Общо;Общо;2011Q3;брой лица в хиляди;346.5;
Общо;Общо;2011Q4;брой лица в хиляди;384.2;
Общо;Общо;2012Q1;брой лица в хиляди;421.4;
Общо;Общо;2012Q2;брой лица в хиляди;409.5;
Общо;Общо;2012Q3;брой лица в хиляди;393.2;
Общо;Общо;2012Q4;брой лица в хиляди;417.3;
Общо;Общо;2013Q1;брой лица в хиляди;456.4;
Общо;Общо;2013Q2;брой лица в хиляди;437.3;
Общо;Общо;2013Q3;брой лица в хиляди;411.6;
Общо;Общо;2013Q4;брой лица в хиляди;439.8;
Общо;Общо;2014Q1;брой лица в хиляди;433.0;
Общо;Общо;2014Q2;брой лица в хиляди;381.8;
Общо;Общо;2014Q3;брой лица в хиляди;368.8;
Общо;Общо;2014Q4;брой лица в хиляди;354.5;
Общо;Общо;2015Q1;брой лица в хиляди;349.2;
Общо;Общо;2015Q2;брой лица в хиляди;330.9;
Общо;Общо;2015Q3;брой лица в хиляди;279.3;
Общо;Общо;2015Q4;брой лица в хиляди;261.0;
Общо;Общо;2016Q1;брой лица в хиляди;279.6;
Общо;Общо;2016Q2;брой лица в хиляди;265.6;
Общо;Общо;2016Q3;брой лица в хиляди;229.0;
Общо;Общо;2016Q4;брой лица в хиляди;214.9;
Общо;Общо;2017Q1;брой лица в хиляди;224.4;
Общо;Общо;2017Q2;брой лица в хиляди;213.9;
Общо;Общо;2017Q3;брой лица в хиляди;200.2;
Общо;Общо;2017Q4;брой лица в хиляди;189.3;
Общо;Общо;2018Q1;брой лица в хиляди;188.7;
Общо;Общо;2018Q2;брой лица в хиляди;182.2;
Общо;Общо;2018Q3;брой лица в хиляди;168.3;
Общо;Общо;2018Q4;брой лица в хиляди;154.1;
Общо;Общо;2019Q1;брой лица в хиляди;165.3;
Общо;Общо;2019Q2;брой лица в хиляди;142.0;
Общо;Общо;2019Q3;брой лица в хиляди;125.4;
Общо;Общо;2019Q4;брой лица в хиляди;138.5;
Общо;Общо;2020Q1;брой лица в хиляди;148.9;
Общо;15 - 64;2003Q1;брой лица в хиляди;497.9;
Общо;15 - 64;2003Q2;брой лица в хиляди;456.2;
Общо;15 - 64;2003Q3;брой лица в хиляди;425.3;
Общо;15 - 64;2003Q4;брой лица в хиляди;410.7;
Общо;15 - 64;2004Q1;брой лица в хиляди;428.2;
Общо;15 - 64;2004Q2;брой лица в хиляди;405.7;
Общо;15 - 64;2004Q3;брой лица в хиляди;372.8;
Общо;15 - 64;2004Q4;брой лица в хиляди;390.4;
Общо;15 - 64;2005Q1;брой лица в хиляди;361.9;
Общо;15 - 64;2005Q2;брой лица в хиляди;332.5;
Общо;15 - 64;2005Q3;брой лица в хиляди;312.9;
Общо;15 - 64;2005Q4;брой лица в хиляди;327.4;
Общо;15 - 64;2006Q1;брой лица в хиляди;314.6;
Общо;15 - 64;2006Q2;брой лица в хиляди;307.5;
Общо;15 - 64;2006Q3;брой лица в хиляди;309.8;
Общо;15 - 64;2006Q4;брой лица в хиляди;286.5;
Общо;15 - 64;2007Q1;брой лица в хиляди;271.3;
Общо;15 - 64;2007Q2;брой лица в хиляди;236.8;
Общо;15 - 64;2007Q3;брой лица в хиляди;234.2;
Общо;15 - 64;2007Q4;брой лица в хиляди;214.1;
Общо;15 - 64;2008Q1;брой лица в хиляди;227.3;
Общо;15 - 64;2008Q2;брой лица в хиляди;206.1;
Общо;15 - 64;2008Q3;брой лица в хиляди;184.4;
Общо;15 - 64;2008Q4;брой лица в хиляди;176.1;
Общо;15 - 64;2009Q1;брой лица в хиляди;220.3;
Общо;15 - 64;2009Q2;брой лица в хиляди;221.2;
Общо;15 - 64;2009Q3;брой лица в хиляди;233.4;
Общо;15 - 64;2009Q4;брой лица в хиляди;271.7;
Общо;15 - 64;2010Q1;брой лица в хиляди;342.7;
Общо;15 - 64;2010Q2;брой лица в хиляди;342.8;
Общо;15 - 64;2010Q3;брой лица в хиляди;328.6;
Общо;15 - 64;2010Q4;брой лица в хиляди;387.5;
Общо;15 - 64;2011Q1;брой лица в хиляди;400.4;
Общо;15 - 64;2011Q2;брой лица в хиляди;370.8;
Общо;15 - 64;2011Q3;брой лица в хиляди;345.5;
Общо;15 - 64;2011Q4;брой лица в хиляди;382.6;
Общо;15 - 64;2012Q1;брой лица в хиляди;419.7;
Общо;15 - 64;2012Q2;брой лица в хиляди;407.9;
Общо;15 - 64;2012Q3;брой лица в хиляди;392.3;
Общо;15 - 64;2012Q4;брой лица в хиляди;416.1;
Общо;15 - 64;2013Q1;брой лица в хиляди;452.6;
Общо;15 - 64;2013Q2;брой лица в хиляди;434.0;
Общо;15 - 64;2013Q3;брой лица в хиляди;409.0;
Общо;15 - 64;2013Q4;брой лица в хиляди;437.4;
Общо;15 - 64;2014Q1;брой лица в хиляди;430.3;
Общо;15 - 64;2014Q2;брой лица в хиляди;378.5;
Общо;15 - 64;2014Q3;брой лица в хиляди;365.1;
Общо;15 - 64;2014Q4;брой лица в хиляди;351.4;
Общо;15 - 64;2015Q1;брой лица в хиляди;346.1;
Общо;15 - 64;2015Q2;брой лица в хиляди;328.0;
Общо;15 - 64;2015Q3;брой лица в хиляди;276.6;
Общо;15 - 64;2015Q4;брой лица в хиляди;259.3;
Общо;15 - 64;2016Q1;брой лица в хиляди;278.0;
Общо;15 - 64;2016Q2;брой лица в хиляди;264.0;
Общо;15 - 64;2016Q3;брой лица в хиляди;227.3;
Общо;15 - 64;2016Q4;брой лица в хиляди;211.9;
Общо;15 - 64;2017Q1;брой лица в хиляди;222.2;
Общо;15 - 64;2017Q2;брой лица в хиляди;211.0;
Общо;15 - 64;2017Q3;брой лица в хиляди;197.5;
Общо;15 - 64;2017Q4;брой лица в хиляди;185.8;
Общо;15 - 64;2018Q1;брой лица в хиляди;186.4;
Общо;15 - 64;2018Q2;брой лица в хиляди;179.9;
Общо;15 - 64;2018Q3;брой лица в хиляди;165.6;
Общо;15 - 64;2018Q4;брой лица в хиляди;151.2;
Общо;15 - 64;2019Q1;брой лица в хиляди;163.1;
Общо;15 - 64;2019Q2;брой лица в хиляди;139.8;
Общо;15 - 64;2019Q3;брой лица в хиляди;122.7;
Общо;15 - 64;2019Q4;брой лица в хиляди;134.7;
Общо;15 - 64;2020Q1;брой лица в хиляди;146.0;
Общо;20 - 64;2003Q1;брой лица в хиляди;476.4;
Общо;20 - 64;2003Q2;брой лица в хиляди;438.9;
Общо;20 - 64;2003Q3;брой лица в хиляди;404.1;
Общо;20 - 64;2003Q4;брой лица в хиляди;393.6;
Общо;20 - 64;2004Q1;брой лица в хиляди;411.3;
Общо;20 - 64;2004Q2;брой лица в хиляди;388.0;
Общо;20 - 64;2004Q3;брой лица в хиляди;347.4;
Общо;20 - 64;2004Q4;брой лица в хиляди;368.0;
Общо;20 - 64;2005Q1;брой лица в хиляди;346.5;
Общо;20 - 64;2005Q2;брой лица в хиляди;317.8;
Общо;20 - 64;2005Q3;брой лица в хиляди;295.5;
Общо;20 - 64;2005Q4;брой лица в хиляди;309.4;
Общо;20 - 64;2006Q1;брой лица в хиляди;298.5;
Общо;20 - 64;2006Q2;брой лица в хиляди;291.3;
Общо;20 - 64;2006Q3;брой лица в хиляди;288.2;
Общо;20 - 64;2006Q4;брой лица в хиляди;271.7;
Общо;20 - 64;2007Q1;брой лица в хиляди;257.5;
Общо;20 - 64;2007Q2;брой лица в хиляди;227.7;
Общо;20 - 64;2007Q3;брой лица в хиляди;218.6;
Общо;20 - 64;2007Q4;брой лица в хиляди;201.7;
Общо;20 - 64;2008Q1;брой лица в хиляди;217.4;
Общо;20 - 64;2008Q2;брой лица в хиляди;196.6;
Общо;20 - 64;2008Q3;брой лица в хиляди;173.2;
Общо;20 - 64;2008Q4;брой лица в хиляди;165.5;
Общо;20 - 64;2009Q1;брой лица в хиляди;211.2;
Общо;20 - 64;2009Q2;брой лица в хиляди;211.1;
Общо;20 - 64;2009Q3;брой лица в хиляди;217.0;
Общо;20 - 64;2009Q4;брой лица в хиляди;255.8;
Общо;20 - 64;2010Q1;брой лица в хиляди;331.0;
Общо;20 - 64;2010Q2;брой лица в хиляди;332.5;
Общо;20 - 64;2010Q3;брой лица в хиляди;313.8;
Общо;20 - 64;2010Q4;брой лица в хиляди;371.4;
Общо;20 - 64;2011Q1;брой лица в хиляди;388.4;
Общо;20 - 64;2011Q2;брой лица в хиляди;361.0;
Общо;20 - 64;2011Q3;брой лица в хиляди;330.4;
Общо;20 - 64;2011Q4;брой лица в хиляди;367.6;
Общо;20 - 64;2012Q1;брой лица в хиляди;405.2;
Общо;20 - 64;2012Q2;брой лица в хиляди;393.6;
Общо;20 - 64;2012Q3;брой лица в хиляди;375.7;
Общо;20 - 64;2012Q4;брой лица в хиляди;397.7;
Общо;20 - 64;2013Q1;брой лица в хиляди;438.9;
Общо;20 - 64;2013Q2;брой лица в хиляди;422.5;
Общо;20 - 64;2013Q3;брой лица в хиляди;396.5;
Общо;20 - 64;2013Q4;брой лица в хиляди;424.8;
Общо;20 - 64;2014Q1;брой лица в хиляди;420.3;
Общо;20 - 64;2014Q2;брой лица в хиляди;370.9;
Общо;20 - 64;2014Q3;брой лица в хиляди;356.4;
Общо;20 - 64;2014Q4;брой лица в хиляди;343.2;
Общо;20 - 64;2015Q1;брой лица в хиляди;339.5;
Общо;20 - 64;2015Q2;брой лица в хиляди;321.6;
Общо;20 - 64;2015Q3;брой лица в хиляди;267.8;
Общо;20 - 64;2015Q4;брой лица в хиляди;251.5;
Общо;20 - 64;2016Q1;брой лица в хиляди;272.9;
Общо;20 - 64;2016Q2;брой лица в хиляди;259.0;
Общо;20 - 64;2016Q3;брой лица в хиляди;221.8;
Общо;20 - 64;2016Q4;брой лица в хиляди;208.3;
Общо;20 - 64;2017Q1;брой лица в хиляди;217.8;
Общо;20 - 64;2017Q2;брой лица в хиляди;205.7;
Общо;20 - 64;2017Q3;брой лица в хиляди;189.9;
Общо;20 - 64;2017Q4;брой лица в хиляди;179.6;
Общо;20 - 64;2018Q1;брой лица в хиляди;181.1;
Общо;20 - 64;2018Q2;брой лица в хиляди;173.7;
Общо;20 - 64;2018Q3;брой лица в хиляди;160.6;
Общо;20 - 64;2018Q4;брой лица в хиляди;146.3;
Общо;20 - 64;2019Q1;брой лица в хиляди;159.6;
Общо;20 - 64;2019Q2;брой лица в хиляди;136.4;
Общо;20 - 64;2019Q3;брой лица в хиляди;119.3;
Общо;20 - 64;2019Q4;брой лица в хиляди;131.1;
Общо;20 - 64;2020Q1;брой лица в хиляди;141.9;
Общо;15 - 29;2003Q1;брой лица в хиляди;161.4;
Общо;15 - 29;2003Q2;брой лица в хиляди;151.4;
Общо;15 - 29;2003Q3;брой лица в хиляди;144.1;
Общо;15 - 29;2003Q4;брой лица в хиляди;135.6;
Общо;15 - 29;2004Q1;брой лица в хиляди;135.4;
Общо;15 - 29;2004Q2;брой лица в хиляди;130.1;
Общо;15 - 29;2004Q3;брой лица в хиляди;123.5;
Общо;15 - 29;2004Q4;брой лица в хиляди;131.6;
Общо;15 - 29;2005Q1;брой лица в хиляди;107.7;
Общо;15 - 29;2005Q2;брой лица в хиляди;107.2;
Общо;15 - 29;2005Q3;брой лица в хиляди;99.9;
Общо;15 - 29;2005Q4;брой лица в хиляди;105.5;
Общо;15 - 29;2006Q1;брой лица в хиляди;93.9;
Общо;15 - 29;2006Q2;брой лица в хиляди;97.5;
Общо;15 - 29;2006Q3;брой лица в хиляди;101.6;
Общо;15 - 29;2006Q4;брой лица в хиляди;86.9;
Общо;15 - 29;2007Q1;брой лица в хиляди;76.0;
Общо;15 - 29;2007Q2;брой лица в хиляди;66.0;
Общо;15 - 29;2007Q3;брой лица в хиляди;77.1;
Общо;15 - 29;2007Q4;брой лица в хиляди;62.9;
Общо;15 - 29;2008Q1;брой лица в хиляди;67.1;
Общо;15 - 29;2008Q2;брой лица в хиляди;62.7;
Общо;15 - 29;2008Q3;брой лица в хиляди;54.0;
Общо;15 - 29;2008Q4;брой лица в хиляди;55.5;
Общо;15 - 29;2009Q1;брой лица в хиляди;65.3;
Общо;15 - 29;2009Q2;брой лица в хиляди;65.5;
Общо;15 - 29;2009Q3;брой лица в хиляди;72.7;
Общо;15 - 29;2009Q4;брой лица в хиляди;85.8;
Общо;15 - 29;2010Q1;брой лица в хиляди;110.3;
Общо;15 - 29;2010Q2;брой лица в хиляди;101.0;
Общо;15 - 29;2010Q3;брой лица в хиляди;103.8;
Общо;15 - 29;2010Q4;брой лица в хиляди;122.9;
Общо;15 - 29;2011Q1;брой лица в хиляди;128.9;
Общо;15 - 29;2011Q2;брой лица в хиляди;115.1;
Общо;15 - 29;2011Q3;брой лица в хиляди;104.3;
Общо;15 - 29;2011Q4;брой лица в хиляди;125.8;
Общо;15 - 29;2012Q1;брой лица в хиляди;139.9;
Общо;15 - 29;2012Q2;брой лица в хиляди;124.5;
Общо;15 - 29;2012Q3;брой лица в хиляди;121.6;
Общо;15 - 29;2012Q4;брой лица в хиляди;127.8;
Общо;15 - 29;2013Q1;брой лица в хиляди;139.3;
Общо;15 - 29;2013Q2;брой лица в хиляди;126.1;
Общо;15 - 29;2013Q3;брой лица в хиляди;120.6;
Общо;15 - 29;2013Q4;брой лица в хиляди;129.6;
Общо;15 - 29;2014Q1;брой лица в хиляди;116.2;
Общо;15 - 29;2014Q2;брой лица в хиляди;94.9;
Общо;15 - 29;2014Q3;брой лица в хиляди;92.3;
Общо;15 - 29;2014Q4;брой лица в хиляди;97.1;
Общо;15 - 29;2015Q1;брой лица в хиляди;91.2;
Общо;15 - 29;2015Q2;брой лица в хиляди;76.4;
Общо;15 - 29;2015Q3;брой лица в хиляди;70.3;
Общо;15 - 29;2015Q4;брой лица в хиляди;75.8;
Общо;15 - 29;2016Q1;брой лица в хиляди;70.0;
Общо;15 - 29;2016Q2;брой лица в хиляди;56.2;
Общо;15 - 29;2016Q3;брой лица в хиляди;59.6;
Общо;15 - 29;2016Q4;брой лица в хиляди;59.8;
Общо;15 - 29;2017Q1;брой лица в хиляди;52.5;
Общо;15 - 29;2017Q2;брой лица в хиляди;49.9;
Общо;15 - 29;2017Q3;брой лица в хиляди;53.4;
Общо;15 - 29;2017Q4;брой лица в хиляди;48.3;
Общо;15 - 29;2018Q1;брой лица в хиляди;38.8;
Общо;15 - 29;2018Q2;брой лица в хиляди;44.3;
Общо;15 - 29;2018Q3;брой лица в хиляди;39.6;
Общо;15 - 29;2018Q4;брой лица в хиляди;33.8;
Общо;15 - 29;2019Q1;брой лица в хиляди;35.6;
Общо;15 - 29;2019Q2;брой лица в хиляди;32.6;
Общо;15 - 29;2019Q3;брой лица в хиляди;29.5;
Общо;15 - 29;2019Q4;брой лица в хиляди;30.0;
Общо;15 - 29;2020Q1;брой лица в хиляди;32.2;
Общо;15 - 24;2003Q1;брой лица в хиляди;95.9;
Общо;15 - 24;2003Q2;брой лица в хиляди;84.0;
Общо;15 - 24;2003Q3;брой лица в хиляди;84.8;
Общо;15 - 24;2003Q4;брой лица в хиляди;80.7;
Общо;15 - 24;2004Q1;брой лица в хиляди;79.1;
Общо;15 - 24;2004Q2;брой лица в хиляди;76.6;
Общо;15 - 24;2004Q3;брой лица в хиляди;77.2;
Общо;15 - 24;2004Q4;брой лица в хиляди;84.0;
Общо;15 - 24;2005Q1;брой лица в хиляди;65.6;
Общо;15 - 24;2005Q2;брой лица в хиляди;66.0;
Общо;15 - 24;2005Q3;брой лица в хиляди;62.1;
Общо;15 - 24;2005Q4;брой лица в хиляди;67.1;
Общо;15 - 24;2006Q1;брой лица в хиляди;57.0;
Общо;15 - 24;2006Q2;брой лица в хиляди;61.3;
Общо;15 - 24;2006Q3;брой лица в хиляди;63.3;
Общо;15 - 24;2006Q4;брой лица в хиляди;51.6;
Общо;15 - 24;2007Q1;брой лица в хиляди;45.7;
Общо;15 - 24;2007Q2;брой лица в хиляди;36.0;
Общо;15 - 24;2007Q3;брой лица в хиляди;52.5;
Общо;15 - 24;2007Q4;брой лица в хиляди;43.8;
Общо;15 - 24;2008Q1;брой лица в хиляди;41.8;
Общо;15 - 24;2008Q2;брой лица в хиляди;40.0;
Общо;15 - 24;2008Q3;брой лица в хиляди;35.5;
Общо;15 - 24;2008Q4;брой лица в хиляди;35.8;
Общо;15 - 24;2009Q1;брой лица в хиляди;41.4;
Общо;15 - 24;2009Q2;брой лица в хиляди;42.3;
Общо;15 - 24;2009Q3;брой лица в хиляди;48.1;
Общо;15 - 24;2009Q4;брой лица в хиляди;53.2;
Общо;15 - 24;2010Q1;брой лица в хиляди;58.2;
Общо;15 - 24;2010Q2;брой лица в хиляди;57.6;
Общо;15 - 24;2010Q3;брой лица в хиляди;61.3;
Общо;15 - 24;2010Q4;брой лица в хиляди;68.8;
Общо;15 - 24;2011Q1;брой лица в хиляди;64.8;
Общо;15 - 24;2011Q2;брой лица в хиляди;59.8;
Общо;15 - 24;2011Q3;брой лица в хиляди;59.3;
Общо;15 - 24;2011Q4;брой лица в хиляди;70.0;
Общо;15 - 24;2012Q1;брой лица в хиляди;74.8;
Общо;15 - 24;2012Q2;брой лица в хиляди;67.7;
Общо;15 - 24;2012Q3;брой лица в хиляди;65.3;
Общо;15 - 24;2012Q4;брой лица в хиляди;70.8;
Общо;15 - 24;2013Q1;брой лица в хиляди;68.1;
Общо;15 - 24;2013Q2;брой лица в хиляди;65.9;
Общо;15 - 24;2013Q3;брой лица в хиляди;64.7;
Общо;15 - 24;2013Q4;брой лица в хиляди;61.7;
Общо;15 - 24;2014Q1;брой лица в хиляди;51.1;
Общо;15 - 24;2014Q2;брой лица в хиляди;47.0;
Общо;15 - 24;2014Q3;брой лица в хиляди;47.2;
Общо;15 - 24;2014Q4;брой лица в хиляди;45.2;
Общо;15 - 24;2015Q1;брой лица в хиляди;42.7;
Общо;15 - 24;2015Q2;брой лица в хиляди;40.8;
Общо;15 - 24;2015Q3;брой лица в хиляди;37.7;
Общо;15 - 24;2015Q4;брой лица в хиляди;37.0;
Общо;15 - 24;2016Q1;брой лица в хиляди;29.9;
Общо;15 - 24;2016Q2;брой лица в хиляди;24.3;
Общо;15 - 24;2016Q3;брой лица в хиляди;30.4;
Общо;15 - 24;2016Q4;брой лица в хиляди;26.4;
Общо;15 - 24;2017Q1;брой лица в хиляди;19.6;
Общо;15 - 24;2017Q2;брой лица в хиляди;23.0;
Общо;15 - 24;2017Q3;брой лица в хиляди;26.3;
Общо;15 - 24;2017Q4;брой лица в хиляди;19.3;
Общо;15 - 24;2018Q1;брой лица в хиляди;17.0;
Общо;15 - 24;2018Q2;брой лица в хиляди;23.2;
Общо;15 - 24;2018Q3;брой лица в хиляди;21.7;
Общо;15 - 24;2018Q4;брой лица в хиляди;13.8;
Общо;15 - 24;2019Q1;брой лица в хиляди;12.8;
Общо;15 - 24;2019Q2;брой лица в хиляди;13.7;
Общо;15 - 24;2019Q3;брой лица в хиляди;12.4;
Общо;15 - 24;2019Q4;брой лица в хиляди;13.7;
Общо;15 - 24;2020Q1;брой лица в хиляди;14.8;
Общо;25 - 34;2003Q1;брой лица в хиляди;131.8;
Общо;25 - 34;2003Q2;брой лица в хиляди;123.4;
Общо;25 - 34;2003Q3;брой лица в хиляди;113.7;
Общо;25 - 34;2003Q4;брой лица в хиляди;111.8;
Общо;25 - 34;2004Q1;брой лица в хиляди;110.1;
Общо;25 - 34;2004Q2;брой лица в хиляди;103.4;
Общо;25 - 34;2004Q3;брой лица в хиляди;97.7;
Общо;25 - 34;2004Q4;брой лица в хиляди;95.1;
Общо;25 - 34;2005Q1;брой лица в хиляди;89.6;
Общо;25 - 34;2005Q2;брой лица в хиляди;80.8;
Общо;25 - 34;2005Q3;брой лица в хиляди;73.8;
Общо;25 - 34;2005Q4;брой лица в хиляди;78.3;
Общо;25 - 34;2006Q1;брой лица в хиляди;76.4;
Общо;25 - 34;2006Q2;брой лица в хиляди;73.8;
Общо;25 - 34;2006Q3;брой лица в хиляди;74.7;
Общо;25 - 34;2006Q4;брой лица в хиляди;70.3;
Общо;25 - 34;2007Q1;брой лица в хиляди;59.3;
Общо;25 - 34;2007Q2;брой лица в хиляди;57.7;
Общо;25 - 34;2007Q3;брой лица в хиляди;51.3;
Общо;25 - 34;2007Q4;брой лица в хиляди;40.9;
Общо;25 - 34;2008Q1;брой лица в хиляди;51.4;
Общо;25 - 34;2008Q2;брой лица в хиляди;47.5;
Общо;25 - 34;2008Q3;брой лица в хиляди;40.6;
Общо;25 - 34;2008Q4;брой лица в хиляди;38.0;
Общо;25 - 34;2009Q1;брой лица в хиляди;48.7;
Общо;25 - 34;2009Q2;брой лица в хиляди;47.7;
Общо;25 - 34;2009Q3;брой лица в хиляди;47.2;
Общо;25 - 34;2009Q4;брой лица в хиляди;61.0;
Общо;25 - 34;2010Q1;брой лица в хиляди;98.6;
Общо;25 - 34;2010Q2;брой лица в хиляди;90.6;
Общо;25 - 34;2010Q3;брой лица в хиляди;83.6;
Общо;25 - 34;2010Q4;брой лица в хиляди;108.9;
Общо;25 - 34;2011Q1;брой лица в хиляди;125.1;
Общо;25 - 34;2011Q2;брой лица в хиляди;103.1;
Общо;25 - 34;2011Q3;брой лица в хиляди;92.8;
Общо;25 - 34;2011Q4;брой лица в хиляди;106.9;
Общо;25 - 34;2012Q1;брой лица в хиляди;115.5;
Общо;25 - 34;2012Q2;брой лица в хиляди;109.1;
Общо;25 - 34;2012Q3;брой лица в хиляди;104.0;
Общо;25 - 34;2012Q4;брой лица в хиляди;106.9;
Общо;25 - 34;2013Q1;брой лица в хиляди;121.6;
Общо;25 - 34;2013Q2;брой лица в хиляди;119.2;
Общо;25 - 34;2013Q3;брой лица в хиляди;109.8;
Общо;25 - 34;2013Q4;брой лица в хиляди;124.3;
Общо;25 - 34;2014Q1;брой лица в хиляди;118.8;
Общо;25 - 34;2014Q2;брой лица в хиляди;95.5;
Общо;25 - 34;2014Q3;брой лица в хиляди;88.5;
Общо;25 - 34;2014Q4;брой лица в хиляди;91.3;
Общо;25 - 34;2015Q1;брой лица в хиляди;92.1;
Общо;25 - 34;2015Q2;брой лица в хиляди;79.8;
Общо;25 - 34;2015Q3;брой лица в хиляди;66.0;
Общо;25 - 34;2015Q4;брой лица в хиляди;65.3;
Общо;25 - 34;2016Q1;брой лица в хиляди;74.4;
Общо;25 - 34;2016Q2;брой лица в хиляди;65.0;
Общо;25 - 34;2016Q3;брой лица в хиляди;56.2;
Общо;25 - 34;2016Q4;брой лица в хиляди;56.1;
Общо;25 - 34;2017Q1;брой лица в хиляди;55.7;
Общо;25 - 34;2017Q2;брой лица в хиляди;51.5;
Общо;25 - 34;2017Q3;брой лица в хиляди;51.2;
Общо;25 - 34;2017Q4;брой лица в хиляди;48.2;
Общо;25 - 34;2018Q1;брой лица в хиляди;46.9;
Общо;25 - 34;2018Q2;брой лица в хиляди;46.8;
Общо;25 - 34;2018Q3;брой лица в хиляди;41.2;
Общо;25 - 34;2018Q4;брой лица в хиляди;43.1;
Общо;25 - 34;2019Q1;брой лица в хиляди;48.3;
Общо;25 - 34;2019Q2;брой лица в хиляди;41.0;
Общо;25 - 34;2019Q3;брой лица в хиляди;35.8;
Общо;25 - 34;2019Q4;брой лица в хиляди;34.3;
Общо;25 - 34;2020Q1;брой лица в хиляди;33.1;
Общо;35 - 44;2003Q1;брой лица в хиляди;116.7;
Общо;35 - 44;2003Q2;брой лица в хиляди;105.3;
Общо;35 - 44;2003Q3;брой лица в хиляди;91.8;
Общо;35 - 44;2003Q4;брой лица в хиляди;85.8;
Общо;35 - 44;2004Q1;брой лица в хиляди;104.5;
Общо;35 - 44;2004Q2;брой лица в хиляди;96.6;
Общо;35 - 44;2004Q3;брой лица в хиляди;79.6;
Общо;35 - 44;2004Q4;брой лица в хиляди;85.7;
Общо;35 - 44;2005Q1;брой лица в хиляди;91.1;
Общо;35 - 44;2005Q2;брой лица в хиляди;74.6;
Общо;35 - 44;2005Q3;брой лица в хиляди;70.1;
Общо;35 - 44;2005Q4;брой лица в хиляди;77.9;
Общо;35 - 44;2006Q1;брой лица в хиляди;82.3;
Общо;35 - 44;2006Q2;брой лица в хиляди;69.1;
Общо;35 - 44;2006Q3;брой лица в хиляди;65.7;
Общо;35 - 44;2006Q4;брой лица в хиляди;69.9;
Общо;35 - 44;2007Q1;брой лица в хиляди;70.5;
Общо;35 - 44;2007Q2;брой лица в хиляди;57.0;
Общо;35 - 44;2007Q3;брой лица в хиляди;51.6;
Общо;35 - 44;2007Q4;брой лица в хиляди;52.0;
Общо;35 - 44;2008Q1;брой лица в хиляди;49.9;
Общо;35 - 44;2008Q2;брой лица в хиляди;40.6;
Общо;35 - 44;2008Q3;брой лица в хиляди;40.5;
Общо;35 - 44;2008Q4;брой лица в хиляди;42.4;
Общо;35 - 44;2009Q1;брой лица в хиляди;50.1;
Общо;35 - 44;2009Q2;брой лица в хиляди;50.2;
Общо;35 - 44;2009Q3;брой лица в хиляди;57.6;
Общо;35 - 44;2009Q4;брой лица в хиляди;68.6;
Общо;35 - 44;2010Q1;брой лица в хиляди;73.5;
Общо;35 - 44;2010Q2;брой лица в хиляди;74.0;
Общо;35 - 44;2010Q3;брой лица в хиляди;65.9;
Общо;35 - 44;2010Q4;брой лица в хиляди;79.9;
Общо;35 - 44;2011Q1;брой лица в хиляди;79.7;
Общо;35 - 44;2011Q2;брой лица в хиляди;83.8;
Общо;35 - 44;2011Q3;брой лица в хиляди;81.2;
Общо;35 - 44;2011Q4;брой лица в хиляди;83.0;
Общо;35 - 44;2012Q1;брой лица в хиляди;89.2;
Общо;35 - 44;2012Q2;брой лица в хиляди;94.3;
Общо;35 - 44;2012Q3;брой лица в хиляди;90.7;
Общо;35 - 44;2012Q4;брой лица в хиляди;94.1;
Общо;35 - 44;2013Q1;брой лица в хиляди;106.3;
Общо;35 - 44;2013Q2;брой лица в хиляди;94.7;
Общо;35 - 44;2013Q3;брой лица в хиляди;92.1;
Общо;35 - 44;2013Q4;брой лица в хиляди;95.2;
Общо;35 - 44;2014Q1;брой лица в хиляди;97.2;
Общо;35 - 44;2014Q2;брой лица в хиляди;92.3;
Общо;35 - 44;2014Q3;брой лица в хиляди;89.9;
Общо;35 - 44;2014Q4;брой лица в хиляди;81.3;
Общо;35 - 44;2015Q1;брой лица в хиляди;79.2;
Общо;35 - 44;2015Q2;брой лица в хиляди;84.1;
Общо;35 - 44;2015Q3;брой лица в хиляди;68.9;
Общо;35 - 44;2015Q4;брой лица в хиляди;54.5;
Общо;35 - 44;2016Q1;брой лица в хиляди;64.6;
Общо;35 - 44;2016Q2;брой лица в хиляди;66.0;
Общо;35 - 44;2016Q3;брой лица в хиляди;51.6;
Общо;35 - 44;2016Q4;брой лица в хиляди;49.2;
Общо;35 - 44;2017Q1;брой лица в хиляди;56.6;
Общо;35 - 44;2017Q2;брой лица в хиляди;52.9;
Общо;35 - 44;2017Q3;брой лица в хиляди;46.6;
Общо;35 - 44;2017Q4;брой лица в хиляди;44.0;
Общо;35 - 44;2018Q1;брой лица в хиляди;46.8;
Общо;35 - 44;2018Q2;брой лица в хиляди;41.8;
Общо;35 - 44;2018Q3;брой лица в хиляди;40.5;
Общо;35 - 44;2018Q4;брой лица в хиляди;37.2;
Общо;35 - 44;2019Q1;брой лица в хиляди;41.6;
Общо;35 - 44;2019Q2;брой лица в хиляди;34.3;
Общо;35 - 44;2019Q3;брой лица в хиляди;28.4;
Общо;35 - 44;2019Q4;брой лица в хиляди;36.8;
Общо;35 - 44;2020Q1;брой лица в хиляди;38.6;
Общо;45 - 54;2003Q1;брой лица в хиляди;113.0;
Общо;45 - 54;2003Q2;брой лица в хиляди;105.2;
Общо;45 - 54;2003Q3;брой лица в хиляди;100.5;
Общо;45 - 54;2003Q4;брой лица в хиляди;97.1;
Общо;45 - 54;2004Q1;брой лица в хиляди;96.3;
Общо;45 - 54;2004Q2;брой лица в хиляди;92.8;
Общо;45 - 54;2004Q3;брой лица в хиляди;84.8;
Общо;45 - 54;2004Q4;брой лица в хиляди;90.8;
Общо;45 - 54;2005Q1;брой лица в хиляди;82.0;
Общо;45 - 54;2005Q2;брой лица в хиляди;75.7;
Общо;45 - 54;2005Q3;брой лица в хиляди;77.0;
Общо;45 - 54;2005Q4;брой лица в хиляди;75.9;
Общо;45 - 54;2006Q1;брой лица в хиляди;71.6;
Общо;45 - 54;2006Q2;брой лица в хиляди;69.7;
Общо;45 - 54;2006Q3;брой лица в хиляди;69.3;
Общо;45 - 54;2006Q4;брой лица в хиляди;61.6;
Общо;45 - 54;2007Q1;брой лица в хиляди;62.9;
Общо;45 - 54;2007Q2;брой лица в хиляди;53.9;
Общо;45 - 54;2007Q3;брой лица в хиляди;51.1;
Общо;45 - 54;2007Q4;брой лица в хиляди;49.2;
Общо;45 - 54;2008Q1;брой лица в хиляди;52.2;
Общо;45 - 54;2008Q2;брой лица в хиляди;50.5;
Общо;45 - 54;2008Q3;брой лица в хиляди;43.7;
Общо;45 - 54;2008Q4;брой лица в хиляди;37.5;
Общо;45 - 54;2009Q1;брой лица в хиляди;50.1;
Общо;45 - 54;2009Q2;брой лица в хиляди;51.0;
Общо;45 - 54;2009Q3;брой лица в хиляди;52.5;
Общо;45 - 54;2009Q4;брой лица в хиляди;55.6;
Общо;45 - 54;2010Q1;брой лица в хиляди;71.2;
Общо;45 - 54;2010Q2;брой лица в хиляди;73.3;
Общо;45 - 54;2010Q3;брой лица в хиляди;70.4;
Общо;45 - 54;2010Q4;брой лица в хиляди;77.8;
Общо;45 - 54;2011Q1;брой лица в хиляди;82.7;
Общо;45 - 54;2011Q2;брой лица в хиляди;77.2;
Общо;45 - 54;2011Q3;брой лица в хиляди;71.5;
Общо;45 - 54;2011Q4;брой лица в хиляди;75.0;
Общо;45 - 54;2012Q1;брой лица в хиляди;88.9;
Общо;45 - 54;2012Q2;брой лица в хиляди;82.1;
Общо;45 - 54;2012Q3;брой лица в хиляди;76.3;
Общо;45 - 54;2012Q4;брой лица в хиляди;83.4;
Общо;45 - 54;2013Q1;брой лица в хиляди;91.1;
Общо;45 - 54;2013Q2;брой лица в хиляди;83.9;
Общо;45 - 54;2013Q3;брой лица в хиляди;74.8;
Общо;45 - 54;2013Q4;брой лица в хиляди;81.8;
Общо;45 - 54;2014Q1;брой лица в хиляди;87.8;
Общо;45 - 54;2014Q2;брой лица в хиляди;77.4;
Общо;45 - 54;2014Q3;брой лица в хиляди;75.7;
Общо;45 - 54;2014Q4;брой лица в хиляди;69.0;
Общо;45 - 54;2015Q1;брой лица в хиляди;71.4;
Общо;45 - 54;2015Q2;брой лица в хиляди;70.4;
Общо;45 - 54;2015Q3;брой лица в хиляди;61.1;
Общо;45 - 54;2015Q4;брой лица в хиляди;57.1;
Общо;45 - 54;2016Q1;брой лица в хиляди;60.6;
Общо;45 - 54;2016Q2;брой лица в хиляди;62.3;
Общо;45 - 54;2016Q3;брой лица в хиляди;51.7;
Общо;45 - 54;2016Q4;брой лица в хиляди;42.4;
Общо;45 - 54;2017Q1;брой лица в хиляди;50.3;
Общо;45 - 54;2017Q2;брой лица в хиляди;48.1;
Общо;45 - 54;2017Q3;брой лица в хиляди;40.5;
Общо;45 - 54;2017Q4;брой лица в хиляди;40.4;
Общо;45 - 54;2018Q1;брой лица в хиляди;41.9;
Общо;45 - 54;2018Q2;брой лица в хиляди;40.9;
Общо;45 - 54;2018Q3;брой лица в хиляди;34.3;
Общо;45 - 54;2018Q4;брой лица в хиляди;32.1;
Общо;45 - 54;2019Q1;брой лица в хиляди;33.7;
Общо;45 - 54;2019Q2;брой лица в хиляди;26.8;
Общо;45 - 54;2019Q3;брой лица в хиляди;22.2;
Общо;45 - 54;2019Q4;брой лица в хиляди;26.2;
Общо;45 - 54;2020Q1;брой лица в хиляди;33.5;
Общо;55 - 64;2003Q1;брой лица в хиляди;40.5;
Общо;55 - 64;2003Q2;брой лица в хиляди;38.2;
Общо;55 - 64;2003Q3;брой лица в хиляди;34.5;
Общо;55 - 64;2003Q4;брой лица в хиляди;35.4;
Общо;55 - 64;2004Q1;брой лица в хиляди;38.2;
Общо;55 - 64;2004Q2;брой лица в хиляди;36.2;
Общо;55 - 64;2004Q3;брой лица в хиляди;33.6;
Общо;55 - 64;2004Q4;брой лица в хиляди;34.8;
Общо;55 - 64;2005Q1;брой лица в хиляди;33.5;
Общо;55 - 64;2005Q2;брой лица в хиляди;35.4;
Общо;55 - 64;2005Q3;брой лица в хиляди;29.8;
Общо;55 - 64;2005Q4;брой лица в хиляди;28.2;
Общо;55 - 64;2006Q1;брой лица в хиляди;27.3;
Общо;55 - 64;2006Q2;брой лица в хиляди;33.6;
Общо;55 - 64;2006Q3;брой лица в хиляди;36.8;
Общо;55 - 64;2006Q4;брой лица в хиляди;33.1;
Общо;55 - 64;2007Q1;брой лица в хиляди;32.9;
Общо;55 - 64;2007Q2;брой лица в хиляди;32.2;
Общо;55 - 64;2007Q3;брой лица в хиляди;27.8;
Общо;55 - 64;2007Q4;брой лица в хиляди;28.2;
Общо;55 - 64;2008Q1;брой лица в хиляди;31.9;
Общо;55 - 64;2008Q2;брой лица в хиляди;27.6;
Общо;55 - 64;2008Q3;брой лица в хиляди;24.0;
Общо;55 - 64;2008Q4;брой лица в хиляди;22.4;
Общо;55 - 64;2009Q1;брой лица в хиляди;30.1;
Общо;55 - 64;2009Q2;брой лица в хиляди;29.9;
Общо;55 - 64;2009Q3;брой лица в хиляди;28.0;
Общо;55 - 64;2009Q4;брой лица в хиляди;33.3;
Общо;55 - 64;2010Q1;брой лица в хиляди;41.2;
Общо;55 - 64;2010Q2;брой лица в хиляди;47.3;
Общо;55 - 64;2010Q3;брой лица в хиляди;47.4;
Общо;55 - 64;2010Q4;брой лица в хиляди;52.1;
Общо;55 - 64;2011Q1;брой лица в хиляди;48.0;
Общо;55 - 64;2011Q2;брой лица в хиляди;47.0;
Общо;55 - 64;2011Q3;брой лица в хиляди;40.7;
Общо;55 - 64;2011Q4;брой лица в хиляди;47.7;
Общо;55 - 64;2012Q1;брой лица в хиляди;51.3;
Общо;55 - 64;2012Q2;брой лица в хиляди;54.8;
Общо;55 - 64;2012Q3;брой лица в хиляди;55.9;
Общо;55 - 64;2012Q4;брой лица в хиляди;60.9;
Общо;55 - 64;2013Q1;брой лица в хиляди;65.5;
Общо;55 - 64;2013Q2;брой лица в хиляди;70.2;
Общо;55 - 64;2013Q3;брой лица в хиляди;67.6;
Общо;55 - 64;2013Q4;брой лица в хиляди;74.3;
Общо;55 - 64;2014Q1;брой лица в хиляди;75.5;
Общо;55 - 64;2014Q2;брой лица в хиляди;66.3;
Общо;55 - 64;2014Q3;брой лица в хиляди;63.7;
Общо;55 - 64;2014Q4;брой лица в хиляди;64.6;
Общо;55 - 64;2015Q1;брой лица в хиляди;60.6;
Общо;55 - 64;2015Q2;брой лица в хиляди;52.8;
Общо;55 - 64;2015Q3;брой лица в хиляди;42.9;
Общо;55 - 64;2015Q4;брой лица в хиляди;45.5;
Общо;55 - 64;2016Q1;брой лица в хиляди;48.4;
Общо;55 - 64;2016Q2;брой лица в хиляди;46.3;
Общо;55 - 64;2016Q3;брой лица в хиляди;37.3;
Общо;55 - 64;2016Q4;брой лица в хиляди;37.8;
Общо;55 - 64;2017Q1;брой лица в хиляди;40.0;
Общо;55 - 64;2017Q2;брой лица в хиляди;35.5;
Общо;55 - 64;2017Q3;брой лица в хиляди;32.8;
Общо;55 - 64;2017Q4;брой лица в хиляди;33.8;
Общо;55 - 64;2018Q1;брой лица в хиляди;33.9;
Общо;55 - 64;2018Q2;брой лица в хиляди;27.4;
Общо;55 - 64;2018Q3;брой лица в хиляди;27.9;
Общо;55 - 64;2018Q4;брой лица в хиляди;25.0;
Общо;55 - 64;2019Q1;брой лица в хиляди;26.8;
Общо;55 - 64;2019Q2;брой лица в хиляди;24.1;
Общо;55 - 64;2019Q3;брой лица в хиляди;23.9;
Общо;55 - 64;2019Q4;брой лица в хиляди;23.7;
Общо;55 - 64;2020Q1;брой лица в хиляди;26.0;
Общо;65  и повече;2003Q1;брой лица в хиляди;(1.7);
Общо;65  и повече;2003Q2;брой лица в хиляди;(1.1);
Общо;65  и повече;2003Q3;брой лица в хиляди;(1.0);
Общо;65  и повече;2003Q4;брой лица в хиляди;(0.7);
Общо;65  и повече;2004Q1;брой лица в хиляди;(0.6);
Общо;65  и повече;2004Q2;брой лица в хиляди;(0.4);
Общо;65  и повече;2004Q3;брой лица в хиляди;(0.2);
Общо;65  и повече;2004Q4;брой лица в хиляди;(0.6);
Общо;65  и повече;2005Q1;брой лица в хиляди;(0.4);
Общо;65  и повече;2005Q2;брой лица в хиляди;(0.4);
Общо;65  и повече;2005Q3;брой лица в хиляди;-;
Общо;65  и повече;2005Q4;брой лица в хиляди;(1.1);
Общо;65  и повече;2006Q1;брой лица в хиляди;(0.6);
Общо;65  и повече;2006Q2;брой лица в хиляди;(1.4);
Общо;65  и повече;2006Q3;брой лица в хиляди;(0.6);
Общо;65  и повече;2006Q4;брой лица в хиляди;(1.9);
Общо;65  и повече;2007Q1;брой лица в хиляди;(1.4);
Общо;65  и повече;2007Q2;брой лица в хиляди;(1.0);
Общо;65  и повече;2007Q3;брой лица в хиляди;(0.8);
Общо;65  и повече;2007Q4;брой лица в хиляди;(1.2);
Общо;65  и повече;2008Q1;брой лица в хиляди;(1.6);
Общо;65  и повече;2008Q2;брой лица в хиляди;(1.1);
Общо;65  и повече;2008Q3;брой лица в хиляди;(0.7);
Общо;65  и повече;2008Q4;брой лица в хиляди;(1.6);
Общо;65  и повече;2009Q1;брой лица в хиляди;(1.9);
Общо;65  и повече;2009Q2;брой лица в хиляди;(1.3);
Общо;65  и повече;2009Q3;брой лица в хиляди;(1.0);
Общо;65  и повече;2009Q4;брой лица в хиляди;(1.1);
Общо;65  и повече;2010Q1;брой лица в хиляди;(1.8);
Общо;65  и повече;2010Q2;брой лица в хиляди;(2.1);
Общо;65  и повече;2010Q3;брой лица в хиляди;(1.9);
Общо;65  и повече;2010Q4;брой лица в хиляди;(1.9);
Общо;65  и повече;2011Q1;брой лица в хиляди;(1.6);
Общо;65  и повече;2011Q2;брой лица в хиляди;(1.4);
Общо;65  и повече;2011Q3;брой лица в хиляди;(1.0);
Общо;65  и повече;2011Q4;брой лица в хиляди;(1.7);
Общо;65  и повече;2012Q1;брой лица в хиляди;(1.7);
Общо;65  и повече;2012Q2;брой лица в хиляди;(1.6);
Общо;65  и повече;2012Q3;брой лица в хиляди;(0.9);
Общо;65  и повече;2012Q4;брой лица в хиляди;(1.2);
Общо;65  и повече;2013Q1;брой лица в хиляди;(3.7);
Общо;65  и повече;2013Q2;брой лица в хиляди;(3.3);
Общо;65  и повече;2013Q3;брой лица в хиляди;(2.6);
Общо;65  и повече;2013Q4;брой лица в хиляди;(2.4);
Общо;65  и повече;2014Q1;брой лица в хиляди;(2.7);
Общо;65  и повече;2014Q2;брой лица в хиляди;(3.3);
Общо;65  и повече;2014Q3;брой лица в хиляди;(3.8);
Общо;65  и повече;2014Q4;брой лица в хиляди;(3.1);
Общо;65  и повече;2015Q1;брой лица в хиляди;(3.2);
Общо;65  и повече;2015Q2;брой лица в хиляди;(2.9);
Общо;65  и повече;2015Q3;брой лица в хиляди;(2.6);
Общо;65  и повече;2015Q4;брой лица в хиляди;(1.7);
Общо;65  и повече;2016Q1;брой лица в хиляди;(1.6);
Общо;65  и повече;2016Q2;брой лица в хиляди;(1.5);
Общо;65  и повече;2016Q3;брой лица в хиляди;(1.7);
Общо;65  и повече;2016Q4;брой лица в хиляди;(3.0);
Общо;65  и повече;2017Q1;брой лица в хиляди;(2.2);
Общо;65  и повече;2017Q2;брой лица в хиляди;(2.9);
Общо;65  и повече;2017Q3;брой лица в хиляди;(2.7);
Общо;65  и повече;2017Q4;брой лица в хиляди;(3.5);
Общо;65  и повече;2018Q1;брой лица в хиляди;(2.3);
Общо;65  и повече;2018Q2;брой лица в хиляди;(2.3);
Общо;65  и повече;2018Q3;брой лица в хиляди;(2.7);
Общо;65  и повече;2018Q4;брой лица в хиляди;(2.9);
Общо;65  и повече;2019Q1;брой лица в хиляди;(2.2);
Общо;65  и повече;2019Q2;брой лица в хиляди;(2.2);
Общо;65  и повече;2019Q3;брой лица в хиляди;(2.7);
Общо;65  и повече;2019Q4;брой лица в хиляди;(3.8);
Общо;65  и повече;2020Q1;брой лица в хиляди;(2.8);
Мъже;Общо;2003Q1;брой лица в хиляди;277.8;
Мъже;Общо;2003Q2;брой лица в хиляди;252.1;
Мъже;Общо;2003Q3;брой лица в хиляди;228.5;
Мъже;Общо;2003Q4;брой лица в хиляди;223.2;
Мъже;Общо;2004Q1;брой лица в хиляди;237.8;
Мъже;Общо;2004Q2;брой лица в хиляди;222.7;
Мъже;Общо;2004Q3;брой лица в хиляди;207.3;
Мъже;Общо;2004Q4;брой лица в хиляди;220.0;
Мъже;Общо;2005Q1;брой лица в хиляди;200.2;
Мъже;Общо;2005Q2;брой лица в хиляди;183.8;
Мъже;Общо;2005Q3;брой лица в хиляди;167.8;
Мъже;Общо;2005Q4;брой лица в хиляди;179.0;
Мъже;Общо;2006Q1;брой лица в хиляди;164.7;
Мъже;Общо;2006Q2;брой лица в хиляди;159.3;
Мъже;Общо;2006Q3;брой лица в хиляди;153.8;
Мъже;Общо;2006Q4;брой лица в хиляди;147.8;
Мъже;Общо;2007Q1;брой лица в хиляди;138.5;
Мъже;Общо;2007Q2;брой лица в хиляди;125.3;
Мъже;Общо;2007Q3;брой лица в хиляди;113.5;
Мъже;Общо;2007Q4;брой лица в хиляди;105.5;
Мъже;Общо;2008Q1;брой лица в хиляди;119.0;
Мъже;Общо;2008Q2;брой лица в хиляди;106.6;
Мъже;Общо;2008Q3;брой лица в хиляди;96.8;
Мъже;Общо;2008Q4;брой лица в хиляди;93.4;
Мъже;Общо;2009Q1;брой лица в хиляди;121.8;
Мъже;Общо;2009Q2;брой лица в хиляди;117.3;
Мъже;Общо;2009Q3;брой лица в хиляди;127.0;
Мъже;Общо;2009Q4;брой лица в хиляди;154.2;
Мъже;Общо;2010Q1;брой лица в хиляди;196.1;
Мъже;Общо;2010Q2;брой лица в хиляди;194.4;
Мъже;Общо;2010Q3;брой лица в хиляди;186.9;
Мъже;Общо;2010Q4;брой лица в хиляди;221.7;
Мъже;Общо;2011Q1;брой лица в хиляди;234.1;
Мъже;Общо;2011Q2;брой лица в хиляди;215.9;
Мъже;Общо;2011Q3;брой лица в хиляди;199.3;
Мъже;Общо;2011Q4;брой лица в хиляди;226.8;
Мъже;Общо;2012Q1;брой лица в хиляди;252.3;
Мъже;Общо;2012Q2;брой лица в хиляди;242.7;
Мъже;Общо;2012Q3;брой лица в хиляди;231.5;
Мъже;Общо;2012Q4;брой лица в хиляди;237.8;
Мъже;Общо;2013Q1;брой лица в хиляди;267.5;
Мъже;Общо;2013Q2;брой лица в хиляди;251.7;
Мъже;Общо;2013Q3;брой лица в хиляди;230.3;
Мъже;Общо;2013Q4;брой лица в хиляди;249.5;
Мъже;Общо;2014Q1;брой лица в хиляди;247.1;
Мъже;Общо;2014Q2;брой лица в хиляди;224.0;
Мъже;Общо;2014Q3;брой лица в хиляди;211.6;
Мъже;Общо;2014Q4;брой лица в хиляди;203.0;
Мъже;Общо;2015Q1;брой лица в хиляди;200.4;
Мъже;Общо;2015Q2;брой лица в хиляди;195.0;
Мъже;Общо;2015Q3;брой лица в хиляди;159.1;
Мъже;Общо;2015Q4;брой лица в хиляди;142.4;
Мъже;Общо;2016Q1;брой лица в хиляди;162.7;
Мъже;Общо;2016Q2;брой лица в хиляди;155.7;
Мъже;Общо;2016Q3;брой лица в хиляди;130.1;
Мъже;Общо;2016Q4;брой лица в хиляди;118.3;
Мъже;Общо;2017Q1;брой лица в хиляди;119.0;
Мъже;Общо;2017Q2;брой лица в хиляди;123.9;
Мъже;Общо;2017Q3;брой лица в хиляди;112.4;
Мъже;Общо;2017Q4;брой лица в хиляди;101.4;
Мъже;Общо;2018Q1;брой лица в хиляди;111.7;
Мъже;Общо;2018Q2;брой лица в хиляди;109.8;
Мъже;Общо;2018Q3;брой лица в хиляди;97.2;
Мъже;Общо;2018Q4;брой лица в хиляди;88.2;
Мъже;Общо;2019Q1;брой лица в хиляди;95.0;
Мъже;Общо;2019Q2;брой лица в хиляди;82.7;
Мъже;Общо;2019Q3;брой лица в хиляди;70.9;
Мъже;Общо;2019Q4;брой лица в хиляди;80.6;
Мъже;Общо;2020Q1;брой лица в хиляди;86.0;
Мъже;15 - 64;2003Q1;брой лица в хиляди;276.9;
Мъже;15 - 64;2003Q2;брой лица в хиляди;251.5;
Мъже;15 - 64;2003Q3;брой лица в хиляди;228.1;
Мъже;15 - 64;2003Q4;брой лица в хиляди;223.0;
Мъже;15 - 64;2004Q1;брой лица в хиляди;237.6;
Мъже;15 - 64;2004Q2;брой лица в хиляди;222.5;
Мъже;15 - 64;2004Q3;брой лица в хиляди;207.3;
Мъже;15 - 64;2004Q4;брой лица в хиляди;219.5;
Мъже;15 - 64;2005Q1;брой лица в хиляди;199.8;
Мъже;15 - 64;2005Q2;брой лица в хиляди;183.6;
Мъже;15 - 64;2005Q3;брой лица в хиляди;167.8;
Мъже;15 - 64;2005Q4;брой лица в хиляди;178.3;
Мъже;15 - 64;2006Q1;брой лица в хиляди;164.2;
Мъже;15 - 64;2006Q2;брой лица в хиляди;158.3;
Мъже;15 - 64;2006Q3;брой лица в хиляди;153.3;
Мъже;15 - 64;2006Q4;брой лица в хиляди;146.7;
Мъже;15 - 64;2007Q1;брой лица в хиляди;137.3;
Мъже;15 - 64;2007Q2;брой лица в хиляди;124.3;
Мъже;15 - 64;2007Q3;брой лица в хиляди;112.9;
Мъже;15 - 64;2007Q4;брой лица в хиляди;104.8;
Мъже;15 - 64;2008Q1;брой лица в хиляди;117.7;
Мъже;15 - 64;2008Q2;брой лица в хиляди;105.9;
Мъже;15 - 64;2008Q3;брой лица в хиляди;96.8;
Мъже;15 - 64;2008Q4;брой лица в хиляди;92.9;
Мъже;15 - 64;2009Q1;брой лица в хиляди;120.4;
Мъже;15 - 64;2009Q2;брой лица в хиляди;116.2;
Мъже;15 - 64;2009Q3;брой лица в хиляди;126.6;
Мъже;15 - 64;2009Q4;брой лица в хиляди;154.1;
Мъже;15 - 64;2010Q1;брой лица в хиляди;195.5;
Мъже;15 - 64;2010Q2;брой лица в хиляди;193.3;
Мъже;15 - 64;2010Q3;брой лица в хиляди;185.5;
Мъже;15 - 64;2010Q4;брой лица в хиляди;220.7;
Мъже;15 - 64;2011Q1;брой лица в хиляди;233.6;
Мъже;15 - 64;2011Q2;брой лица в хиляди;215.3;
Мъже;15 - 64;2011Q3;брой лица в хиляди;198.7;
Мъже;15 - 64;2011Q4;брой лица в хиляди;226.5;
Мъже;15 - 64;2012Q1;брой лица в хиляди;251.9;
Мъже;15 - 64;2012Q2;брой лица в хиляди;241.8;
Мъже;15 - 64;2012Q3;брой лица в хиляди;231.1;
Мъже;15 - 64;2012Q4;брой лица в хиляди;237.1;
Мъже;15 - 64;2013Q1;брой лица в хиляди;265.4;
Мъже;15 - 64;2013Q2;брой лица в хиляди;250.0;
Мъже;15 - 64;2013Q3;брой лица в хиляди;229.1;
Мъже;15 - 64;2013Q4;брой лица в хиляди;248.5;
Мъже;15 - 64;2014Q1;брой лица в хиляди;246.4;
Мъже;15 - 64;2014Q2;брой лица в хиляди;222.3;
Мъже;15 - 64;2014Q3;брой лица в хиляди;209.5;
Мъже;15 - 64;2014Q4;брой лица в хиляди;201.1;
Мъже;15 - 64;2015Q1;брой лица в хиляди;198.3;
Мъже;15 - 64;2015Q2;брой лица в хиляди;193.0;
Мъже;15 - 64;2015Q3;брой лица в хиляди;157.5;
Мъже;15 - 64;2015Q4;брой лица в хиляди;141.5;
Мъже;15 - 64;2016Q1;брой лица в хиляди;162.0;
Мъже;15 - 64;2016Q2;брой лица в хиляди;154.6;
Мъже;15 - 64;2016Q3;брой лица в хиляди;128.8;
Мъже;15 - 64;2016Q4;брой лица в хиляди;116.8;
Мъже;15 - 64;2017Q1;брой лица в хиляди;118.2;
Мъже;15 - 64;2017Q2;брой лица в хиляди;121.8;
Мъже;15 - 64;2017Q3;брой лица в хиляди;110.7;
Мъже;15 - 64;2017Q4;брой лица в хиляди;99.4;
Мъже;15 - 64;2018Q1;брой лица в хиляди;110.5;
Мъже;15 - 64;2018Q2;брой лица в хиляди;108.5;
Мъже;15 - 64;2018Q3;брой лица в хиляди;95.6;
Мъже;15 - 64;2018Q4;брой лица в хиляди;86.1;
Мъже;15 - 64;2019Q1;брой лица в хиляди;93.3;
Мъже;15 - 64;2019Q2;брой лица в хиляди;81.3;
Мъже;15 - 64;2019Q3;брой лица в хиляди;69.1;
Мъже;15 - 64;2019Q4;брой лица в хиляди;78.3;
Мъже;15 - 64;2020Q1;брой лица в хиляди;84.7;
Мъже;20 - 64;2003Q1;брой лица в хиляди;266.9;
Мъже;20 - 64;2003Q2;брой лица в хиляди;243.4;
Мъже;20 - 64;2003Q3;брой лица в хиляди;215.6;
Мъже;20 - 64;2003Q4;брой лица в хиляди;213.4;
Мъже;20 - 64;2004Q1;брой лица в хиляди;229.0;
Мъже;20 - 64;2004Q2;брой лица в хиляди;214.6;
Мъже;20 - 64;2004Q3;брой лица в хиляди;196.5;
Мъже;20 - 64;2004Q4;брой лица в хиляди;210.0;
Мъже;20 - 64;2005Q1;брой лица в хиляди;192.1;
Мъже;20 - 64;2005Q2;брой лица в хиляди;176.9;
Мъже;20 - 64;2005Q3;брой лица в хиляди;159.6;
Мъже;20 - 64;2005Q4;брой лица в хиляди;167.5;
Мъже;20 - 64;2006Q1;брой лица в хиляди;155.8;
Мъже;20 - 64;2006Q2;брой лица в хиляди;150.2;
Мъже;20 - 64;2006Q3;брой лица в хиляди;144.7;
Мъже;20 - 64;2006Q4;брой лица в хиляди;140.5;
Мъже;20 - 64;2007Q1;брой лица в хиляди;129.5;
Мъже;20 - 64;2007Q2;брой лица в хиляди;118.5;
Мъже;20 - 64;2007Q3;брой лица в хиляди;103.5;
Мъже;20 - 64;2007Q4;брой лица в хиляди;98.2;
Мъже;20 - 64;2008Q1;брой лица в хиляди;111.6;
Мъже;20 - 64;2008Q2;брой лица в хиляди;99.4;
Мъже;20 - 64;2008Q3;брой лица в хиляди;88.9;
Мъже;20 - 64;2008Q4;брой лица в хиляди;85.6;
Мъже;20 - 64;2009Q1;брой лица в хиляди;113.2;
Мъже;20 - 64;2009Q2;брой лица в хиляди;109.8;
Мъже;20 - 64;2009Q3;брой лица в хиляди;119.4;
Мъже;20 - 64;2009Q4;брой лица в хиляди;145.3;
Мъже;20 - 64;2010Q1;брой лица в хиляди;187.7;
Мъже;20 - 64;2010Q2;брой лица в хиляди;187.6;
Мъже;20 - 64;2010Q3;брой лица в хиляди;177.9;
Мъже;20 - 64;2010Q4;брой лица в хиляди;210.1;
Мъже;20 - 64;2011Q1;брой лица в хиляди;226.2;
Мъже;20 - 64;2011Q2;брой лица в хиляди;210.0;
Мъже;20 - 64;2011Q3;брой лица в хиляди;189.8;
Мъже;20 - 64;2011Q4;брой лица в хиляди;217.8;
Мъже;20 - 64;2012Q1;брой лица в хиляди;244.3;
Мъже;20 - 64;2012Q2;брой лица в хиляди;233.5;
Мъже;20 - 64;2012Q3;брой лица в хиляди;221.0;
Мъже;20 - 64;2012Q4;брой лица в хиляди;227.2;
Мъже;20 - 64;2013Q1;брой лица в хиляди;257.0;
Мъже;20 - 64;2013Q2;брой лица в хиляди;241.9;
Мъже;20 - 64;2013Q3;брой лица в хиляди;219.6;
Мъже;20 - 64;2013Q4;брой лица в хиляди;239.6;
Мъже;20 - 64;2014Q1;брой лица в хиляди;241.2;
Мъже;20 - 64;2014Q2;брой лица в хиляди;217.8;
Мъже;20 - 64;2014Q3;брой лица в хиляди;204.4;
Мъже;20 - 64;2014Q4;брой лица в хиляди;196.9;
Мъже;20 - 64;2015Q1;брой лица в хиляди;194.5;
Мъже;20 - 64;2015Q2;брой лица в хиляди;189.3;
Мъже;20 - 64;2015Q3;брой лица в хиляди;152.6;
Мъже;20 - 64;2015Q4;брой лица в хиляди;136.9;
Мъже;20 - 64;2016Q1;брой лица в хиляди;158.7;
Мъже;20 - 64;2016Q2;брой лица в хиляди;150.2;
Мъже;20 - 64;2016Q3;брой лица в хиляди;125.5;
Мъже;20 - 64;2016Q4;брой лица в хиляди;114.9;
Мъже;20 - 64;2017Q1;брой лица в хиляди;116.2;
Мъже;20 - 64;2017Q2;брой лица в хиляди;118.7;
Мъже;20 - 64;2017Q3;брой лица в хиляди;106.1;
Мъже;20 - 64;2017Q4;брой лица в хиляди;95.6;
Мъже;20 - 64;2018Q1;брой лица в хиляди;106.6;
Мъже;20 - 64;2018Q2;брой лица в хиляди;103.9;
Мъже;20 - 64;2018Q3;брой лица в хиляди;92.7;
Мъже;20 - 64;2018Q4;брой лица в хиляди;83.4;
Мъже;20 - 64;2019Q1;брой лица в хиляди;90.9;
Мъже;20 - 64;2019Q2;брой лица в хиляди;78.9;
Мъже;20 - 64;2019Q3;брой лица в хиляди;67.3;
Мъже;20 - 64;2019Q4;брой лица в хиляди;76.4;
Мъже;20 - 64;2020Q1;брой лица в хиляди;82.7;
Мъже;15 - 29;2003Q1;брой лица в хиляди;94.0;
Мъже;15 - 29;2003Q2;брой лица в хиляди;89.8;
Мъже;15 - 29;2003Q3;брой лица в хиляди;85.0;
Мъже;15 - 29;2003Q4;брой лица в хиляди;79.9;
Мъже;15 - 29;2004Q1;брой лица в хиляди;78.9;
Мъже;15 - 29;2004Q2;брой лица в хиляди;74.8;
Мъже;15 - 29;2004Q3;брой лица в хиляди;71.6;
Мъже;15 - 29;2004Q4;брой лица в хиляди;76.1;
Мъже;15 - 29;2005Q1;брой лица в хиляди;63.8;
Мъже;15 - 29;2005Q2;брой лица в хиляди;64.3;
Мъже;15 - 29;2005Q3;брой лица в хиляди;56.2;
Мъже;15 - 29;2005Q4;брой лица в хиляди;60.0;
Мъже;15 - 29;2006Q1;брой лица в хиляди;51.3;
Мъже;15 - 29;2006Q2;брой лица в хиляди;52.6;
Мъже;15 - 29;2006Q3;брой лица в хиляди;51.3;
Мъже;15 - 29;2006Q4;брой лица в хиляди;45.8;
Мъже;15 - 29;2007Q1;брой лица в хиляди;43.4;
Мъже;15 - 29;2007Q2;брой лица в хиляди;38.6;
Мъже;15 - 29;2007Q3;брой лица в хиляди;40.9;
Мъже;15 - 29;2007Q4;брой лица в хиляди;32.5;
Мъже;15 - 29;2008Q1;брой лица в хиляди;41.5;
Мъже;15 - 29;2008Q2;брой лица в хиляди;40.1;
Мъже;15 - 29;2008Q3;брой лица в хиляди;36.2;
Мъже;15 - 29;2008Q4;брой лица в хиляди;34.1;
Мъже;15 - 29;2009Q1;брой лица в хиляди;44.0;
Мъже;15 - 29;2009Q2;брой лица в хиляди;38.9;
Мъже;15 - 29;2009Q3;брой лица в хиляди;41.7;
Мъже;15 - 29;2009Q4;брой лица в хиляди;54.7;
Мъже;15 - 29;2010Q1;брой лица в хиляди;69.9;
Мъже;15 - 29;2010Q2;брой лица в хиляди;63.6;
Мъже;15 - 29;2010Q3;брой лица в хиляди;62.9;
Мъже;15 - 29;2010Q4;брой лица в хиляди;75.2;
Мъже;15 - 29;2011Q1;брой лица в хиляди;78.8;
Мъже;15 - 29;2011Q2;брой лица в хиляди;67.0;
Мъже;15 - 29;2011Q3;брой лица в хиляди;59.9;
Мъже;15 - 29;2011Q4;брой лица в хиляди;75.4;
Мъже;15 - 29;2012Q1;брой лица в хиляди;83.0;
Мъже;15 - 29;2012Q2;брой лица в хиляди;79.2;
Мъже;15 - 29;2012Q3;брой лица в хиляди;75.3;
Мъже;15 - 29;2012Q4;брой лица в хиляди;75.8;
Мъже;15 - 29;2013Q1;брой лица в хиляди;82.1;
Мъже;15 - 29;2013Q2;брой лица в хиляди;72.1;
Мъже;15 - 29;2013Q3;брой лица в хиляди;71.2;
Мъже;15 - 29;2013Q4;брой лица в хиляди;77.4;
Мъже;15 - 29;2014Q1;брой лица в хиляди;66.6;
Мъже;15 - 29;2014Q2;брой лица в хиляди;57.1;
Мъже;15 - 29;2014Q3;брой лица в хиляди;52.0;
Мъже;15 - 29;2014Q4;брой лица в хиляди;57.5;
Мъже;15 - 29;2015Q1;брой лица в хиляди;56.6;
Мъже;15 - 29;2015Q2;брой лица в хиляди;45.8;
Мъже;15 - 29;2015Q3;брой лица в хиляди;39.2;
Мъже;15 - 29;2015Q4;брой лица в хиляди;43.8;
Мъже;15 - 29;2016Q1;брой лица в хиляди;46.6;
Мъже;15 - 29;2016Q2;брой лица в хиляди;38.5;
Мъже;15 - 29;2016Q3;брой лица в хиляди;37.2;
Мъже;15 - 29;2016Q4;брой лица в хиляди;33.9;
Мъже;15 - 29;2017Q1;брой лица в хиляди;31.8;
Мъже;15 - 29;2017Q2;брой лица в хиляди;31.0;
Мъже;15 - 29;2017Q3;брой лица в хиляди;32.3;
Мъже;15 - 29;2017Q4;брой лица в хиляди;28.4;
Мъже;15 - 29;2018Q1;брой лица в хиляди;25.3;
Мъже;15 - 29;2018Q2;брой лица в хиляди;29.1;
Мъже;15 - 29;2018Q3;брой лица в хиляди;25.0;
Мъже;15 - 29;2018Q4;брой лица в хиляди;22.2;
Мъже;15 - 29;2019Q1;брой лица в хиляди;21.9;
Мъже;15 - 29;2019Q2;брой лица в хиляди;19.8;
Мъже;15 - 29;2019Q3;брой лица в хиляди;19.5;
Мъже;15 - 29;2019Q4;брой лица в хиляди;19.1;
Мъже;15 - 29;2020Q1;брой лица в хиляди;20.7;
Мъже;15 - 24;2003Q1;брой лица в хиляди;57.9;
Мъже;15 - 24;2003Q2;брой лица в хиляди;51.3;
Мъже;15 - 24;2003Q3;брой лица в хиляди;51.4;
Мъже;15 - 24;2003Q4;брой лица в хиляди;47.7;
Мъже;15 - 24;2004Q1;брой лица в хиляди;49.6;
Мъже;15 - 24;2004Q2;брой лица в хиляди;44.7;
Мъже;15 - 24;2004Q3;брой лица в хиляди;43.7;
Мъже;15 - 24;2004Q4;брой лица в хиляди;46.9;
Мъже;15 - 24;2005Q1;брой лица в хиляди;38.5;
Мъже;15 - 24;2005Q2;брой лица в хиляди;40.4;
Мъже;15 - 24;2005Q3;брой лица в хиляди;35.0;
Мъже;15 - 24;2005Q4;брой лица в хиляди;40.3;
Мъже;15 - 24;2006Q1;брой лица в хиляди;33.3;
Мъже;15 - 24;2006Q2;брой лица в хиляди;35.3;
Мъже;15 - 24;2006Q3;брой лица в хиляди;31.0;
Мъже;15 - 24;2006Q4;брой лица в хиляди;24.4;
Мъже;15 - 24;2007Q1;брой лица в хиляди;26.0;
Мъже;15 - 24;2007Q2;брой лица в хиляди;21.5;
Мъже;15 - 24;2007Q3;брой лица в хиляди;26.6;
Мъже;15 - 24;2007Q4;брой лица в хиляди;21.2;
Мъже;15 - 24;2008Q1;брой лица в хиляди;25.7;
Мъже;15 - 24;2008Q2;брой лица в хиляди;25.7;
Мъже;15 - 24;2008Q3;брой лица в хиляди;23.5;
Мъже;15 - 24;2008Q4;брой лица в хиляди;20.6;
Мъже;15 - 24;2009Q1;брой лица в хиляди;28.6;
Мъже;15 - 24;2009Q2;брой лица в хиляди;27.7;
Мъже;15 - 24;2009Q3;брой лица в хиляди;29.0;
Мъже;15 - 24;2009Q4;брой лица в хиляди;34.8;
Мъже;15 - 24;2010Q1;брой лица в хиляди;37.7;
Мъже;15 - 24;2010Q2;брой лица в хиляди;35.9;
Мъже;15 - 24;2010Q3;брой лица в хиляди;34.6;
Мъже;15 - 24;2010Q4;брой лица в хиляди;44.1;
Мъже;15 - 24;2011Q1;брой лица в хиляди;41.2;
Мъже;15 - 24;2011Q2;брой лица в хиляди;36.9;
Мъже;15 - 24;2011Q3;брой лица в хиляди;35.0;
Мъже;15 - 24;2011Q4;брой лица в хиляди;42.5;
Мъже;15 - 24;2012Q1;брой лица в хиляди;46.0;
Мъже;15 - 24;2012Q2;брой лица в хиляди;44.1;
Мъже;15 - 24;2012Q3;брой лица в хиляди;42.3;
Мъже;15 - 24;2012Q4;брой лица в хиляди;41.9;
Мъже;15 - 24;2013Q1;брой лица в хиляди;41.9;
Мъже;15 - 24;2013Q2;брой лица в хиляди;40.9;
Мъже;15 - 24;2013Q3;брой лица в хиляди;42.4;
Мъже;15 - 24;2013Q4;брой лица в хиляди;39.7;
Мъже;15 - 24;2014Q1;брой лица в хиляди;29.7;
Мъже;15 - 24;2014Q2;брой лица в хиляди;28.3;
Мъже;15 - 24;2014Q3;брой лица в хиляди;28.6;
Мъже;15 - 24;2014Q4;брой лица в хиляди;26.9;
Мъже;15 - 24;2015Q1;брой лица в хиляди;25.5;
Мъже;15 - 24;2015Q2;брой лица в хиляди;25.1;
Мъже;15 - 24;2015Q3;брой лица в хиляди;22.8;
Мъже;15 - 24;2015Q4;брой лица в хиляди;20.3;
Мъже;15 - 24;2016Q1;брой лица в хиляди;18.5;
Мъже;15 - 24;2016Q2;брой лица в хиляди;15.9;
Мъже;15 - 24;2016Q3;брой лица в хиляди;18.5;
Мъже;15 - 24;2016Q4;брой лица в хиляди;14.7;
Мъже;15 - 24;2017Q1;брой лица в хиляди;10.8;
Мъже;15 - 24;2017Q2;брой лица в хиляди;14.4;
Мъже;15 - 24;2017Q3;брой лица в хиляди;17.5;
Мъже;15 - 24;2017Q4;брой лица в хиляди;11.2;
Мъже;15 - 24;2018Q1;брой лица в хиляди;10.0;
Мъже;15 - 24;2018Q2;брой лица в хиляди;15.6;
Мъже;15 - 24;2018Q3;брой лица в хиляди;13.7;
Мъже;15 - 24;2018Q4;брой лица в хиляди;8.3;
Мъже;15 - 24;2019Q1;брой лица в хиляди;7.7;
Мъже;15 - 24;2019Q2;брой лица в хиляди;8.1;
Мъже;15 - 24;2019Q3;брой лица в хиляди;7.5;
Мъже;15 - 24;2019Q4;брой лица в хиляди;9.2;
Мъже;15 - 24;2020Q1;брой лица в хиляди;9.3;
Мъже;25 - 34;2003Q1;брой лица в хиляди;73.0;
Мъже;25 - 34;2003Q2;брой лица в хиляди;67.2;
Мъже;25 - 34;2003Q3;брой лица в хиляди;60.9;
Мъже;25 - 34;2003Q4;брой лица в хиляди;63.5;
Мъже;25 - 34;2004Q1;брой лица в хиляди;56.3;
Мъже;25 - 34;2004Q2;брой лица в хиляди;57.0;
Мъже;25 - 34;2004Q3;брой лица в хиляди;56.0;
Мъже;25 - 34;2004Q4;брой лица в хиляди;52.8;
Мъже;25 - 34;2005Q1;брой лица в хиляди;50.9;
Мъже;25 - 34;2005Q2;брой лица в хиляди;43.0;
Мъже;25 - 34;2005Q3;брой лица в хиляди;38.4;
Мъже;25 - 34;2005Q4;брой лица в хиляди;40.5;
Мъже;25 - 34;2006Q1;брой лица в хиляди;36.0;
Мъже;25 - 34;2006Q2;брой лица в хиляди;35.9;
Мъже;25 - 34;2006Q3;брой лица в хиляди;37.7;
Мъже;25 - 34;2006Q4;брой лица в хиляди;41.1;
Мъже;25 - 34;2007Q1;брой лица в хиляди;33.2;
Мъже;25 - 34;2007Q2;брой лица в хиляди;32.8;
Мъже;25 - 34;2007Q3;брой лица в хиляди;27.3;
Мъже;25 - 34;2007Q4;брой лица в хиляди;20.9;
Мъже;25 - 34;2008Q1;брой лица в хиляди;28.3;
Мъже;25 - 34;2008Q2;брой лица в хиляди;26.9;
Мъже;25 - 34;2008Q3;брой лица в хиляди;24.3;
Мъже;25 - 34;2008Q4;брой лица в хиляди;23.4;
Мъже;25 - 34;2009Q1;брой лица в хиляди;28.5;
Мъже;25 - 34;2009Q2;брой лица в хиляди;23.2;
Мъже;25 - 34;2009Q3;брой лица в хиляди;24.8;
Мъже;25 - 34;2009Q4;брой лица в хиляди;36.0;
Мъже;25 - 34;2010Q1;брой лица в хиляди;57.3;
Мъже;25 - 34;2010Q2;брой лица в хиляди;51.2;
Мъже;25 - 34;2010Q3;брой лица в хиляди;49.4;
Мъже;25 - 34;2010Q4;брой лица в хиляди;62.1;
Мъже;25 - 34;2011Q1;брой лица в хиляди;75.4;
Мъже;25 - 34;2011Q2;брой лица в хиляди;58.0;
Мъже;25 - 34;2011Q3;брой лица в хиляди;51.5;
Мъже;25 - 34;2011Q4;брой лица в хиляди;63.8;
Мъже;25 - 34;2012Q1;брой лица в хиляди;69.8;
Мъже;25 - 34;2012Q2;брой лица в хиляди;63.6;
Мъже;25 - 34;2012Q3;брой лица в хиляди;58.8;
Мъже;25 - 34;2012Q4;брой лица в хиляди;62.9;
Мъже;25 - 34;2013Q1;брой лица в хиляди;71.6;
Мъже;25 - 34;2013Q2;брой лица в хиляди;67.0;
Мъже;25 - 34;2013Q3;брой лица в хиляди;58.3;
Мъже;25 - 34;2013Q4;брой лица в хиляди;70.0;
Мъже;25 - 34;2014Q1;брой лица в хиляди;67.1;
Мъже;25 - 34;2014Q2;брой лица в хиляди;55.8;
Мъже;25 - 34;2014Q3;брой лица в хиляди;49.4;
Мъже;25 - 34;2014Q4;брой лица в хиляди;55.9;
Мъже;25 - 34;2015Q1;брой лица в хиляди;56.1;
Мъже;25 - 34;2015Q2;брой лица в хиляди;47.0;
Мъже;25 - 34;2015Q3;брой лица в хиляди;37.3;
Мъже;25 - 34;2015Q4;брой лица в хиляди;38.8;
Мъже;25 - 34;2016Q1;брой лица в хиляди;47.8;
Мъже;25 - 34;2016Q2;брой лица в хиляди;42.3;
Мъже;25 - 34;2016Q3;брой лица в хиляди;34.4;
Мъже;25 - 34;2016Q4;брой лица в хиляди;33.6;
Мъже;25 - 34;2017Q1;брой лица в хиляди;32.7;
Мъже;25 - 34;2017Q2;брой лица в хиляди;29.7;
Мъже;25 - 34;2017Q3;брой лица в хиляди;26.5;
Мъже;25 - 34;2017Q4;брой лица в хиляди;26.8;
Мъже;25 - 34;2018Q1;брой лица в хиляди;30.2;
Мъже;25 - 34;2018Q2;брой лица в хиляди;29.7;
Мъже;25 - 34;2018Q3;брой лица в хиляди;25.9;
Мъже;25 - 34;2018Q4;брой лица в хиляди;27.7;
Мъже;25 - 34;2019Q1;брой лица в хиляди;29.7;
Мъже;25 - 34;2019Q2;брой лица в хиляди;26.5;
Мъже;25 - 34;2019Q3;брой лица в хиляди;24.1;
Мъже;25 - 34;2019Q4;брой лица в хиляди;21.1;
Мъже;25 - 34;2020Q1;брой лица в хиляди;20.8;
Мъже;35 - 44;2003Q1;брой лица в хиляди;67.2;
Мъже;35 - 44;2003Q2;брой лица в хиляди;56.9;
Мъже;35 - 44;2003Q3;брой лица в хиляди;45.0;
Мъже;35 - 44;2003Q4;брой лица в хиляди;44.6;
Мъже;35 - 44;2004Q1;брой лица в хиляди;60.1;
Мъже;35 - 44;2004Q2;брой лица в хиляди;50.7;
Мъже;35 - 44;2004Q3;брой лица в хиляди;44.7;
Мъже;35 - 44;2004Q4;брой лица в хиляди;49.0;
Мъже;35 - 44;2005Q1;брой лица в хиляди;46.3;
Мъже;35 - 44;2005Q2;брой лица в хиляди;36.9;
Мъже;35 - 44;2005Q3;брой лица в хиляди;36.2;
Мъже;35 - 44;2005Q4;брой лица в хиляди;41.6;
Мъже;35 - 44;2006Q1;брой лица в хиляди;43.2;
Мъже;35 - 44;2006Q2;брой лица в хиляди;35.3;
Мъже;35 - 44;2006Q3;брой лица в хиляди;30.1;
Мъже;35 - 44;2006Q4;брой лица в хиляди;33.8;
Мъже;35 - 44;2007Q1;брой лица в хиляди;33.6;
Мъже;35 - 44;2007Q2;брой лица в хиляди;27.0;
Мъже;35 - 44;2007Q3;брой лица в хиляди;24.2;
Мъже;35 - 44;2007Q4;брой лица в хиляди;26.6;
Мъже;35 - 44;2008Q1;брой лица в хиляди;22.1;
Мъже;35 - 44;2008Q2;брой лица в хиляди;16.8;
Мъже;35 - 44;2008Q3;брой лица в хиляди;17.8;
Мъже;35 - 44;2008Q4;брой лица в хиляди;21.4;
Мъже;35 - 44;2009Q1;брой лица в хиляди;24.7;
Мъже;35 - 44;2009Q2;брой лица в хиляди;26.9;
Мъже;35 - 44;2009Q3;брой лица в хиляди;30.8;
Мъже;35 - 44;2009Q4;брой лица в хиляди;36.1;
Мъже;35 - 44;2010Q1;брой лица в хиляди;40.9;
Мъже;35 - 44;2010Q2;брой лица в хиляди;41.6;
Мъже;35 - 44;2010Q3;брой лица в хиляди;35.9;
Мъже;35 - 44;2010Q4;брой лица в хиляди;40.1;
Мъже;35 - 44;2011Q1;брой лица в хиляди;45.0;
Мъже;35 - 44;2011Q2;брой лица в хиляди;50.0;
Мъже;35 - 44;2011Q3;брой лица в хиляди;45.7;
Мъже;35 - 44;2011Q4;брой лица в хиляди;48.0;
Мъже;35 - 44;2012Q1;брой лица в хиляди;54.8;
Мъже;35 - 44;2012Q2;брой лица в хиляди;58.2;
Мъже;35 - 44;2012Q3;брой лица в хиляди;52.8;
Мъже;35 - 44;2012Q4;брой лица в хиляди;53.2;
Мъже;35 - 44;2013Q1;брой лица в хиляди;62.3;
Мъже;35 - 44;2013Q2;брой лица в хиляди;56.4;
Мъже;35 - 44;2013Q3;брой лица в хиляди;53.5;
Мъже;35 - 44;2013Q4;брой лица в хиляди;54.8;
Мъже;35 - 44;2014Q1;брой лица в хиляди;56.5;
Мъже;35 - 44;2014Q2;брой лица в хиляди;54.4;
Мъже;35 - 44;2014Q3;брой лица в хиляди;49.3;
Мъже;35 - 44;2014Q4;брой лица в хиляди;45.3;
Мъже;35 - 44;2015Q1;брой лица в хиляди;43.4;
Мъже;35 - 44;2015Q2;брой лица в хиляди;50.2;
Мъже;35 - 44;2015Q3;брой лица в хиляди;39.9;
Мъже;35 - 44;2015Q4;брой лица в хиляди;29.4;
Мъже;35 - 44;2016Q1;брой лица в хиляди;36.7;
Мъже;35 - 44;2016Q2;брой лица в хиляди;37.5;
Мъже;35 - 44;2016Q3;брой лица в хиляди;27.7;
Мъже;35 - 44;2016Q4;брой лица в хиляди;26.2;
Мъже;35 - 44;2017Q1;брой лица в хиляди;28.6;
Мъже;35 - 44;2017Q2;брой лица в хиляди;29.6;
Мъже;35 - 44;2017Q3;брой лица в хиляди;24.3;
Мъже;35 - 44;2017Q4;брой лица в хиляди;21.6;
Мъже;35 - 44;2018Q1;брой лица в хиляди;25.6;
Мъже;35 - 44;2018Q2;брой лица в хиляди;23.3;
Мъже;35 - 44;2018Q3;брой лица в хиляди;21.2;
Мъже;35 - 44;2018Q4;брой лица в хиляди;18.6;
Мъже;35 - 44;2019Q1;брой лица в хиляди;23.1;
Мъже;35 - 44;2019Q2;брой лица в хиляди;19.9;
Мъже;35 - 44;2019Q3;брой лица в хиляди;14.1;
Мъже;35 - 44;2019Q4;брой лица в хиляди;20.9;
Мъже;35 - 44;2020Q1;брой лица в хиляди;24.9;
Мъже;45 - 54;2003Q1;брой лица в хиляди;53.7;
Мъже;45 - 54;2003Q2;брой лица в хиляди;52.6;
Мъже;45 - 54;2003Q3;брой лица в хиляди;49.9;
Мъже;45 - 54;2003Q4;брой лица в хиляди;47.5;
Мъже;45 - 54;2004Q1;брой лица в хиляди;48.7;
Мъже;45 - 54;2004Q2;брой лица в хиляди;47.2;
Мъже;45 - 54;2004Q3;брой лица в хиляди;42.5;
Мъже;45 - 54;2004Q4;брой лица в хиляди;47.4;
Мъже;45 - 54;2005Q1;брой лица в хиляди;43.7;
Мъже;45 - 54;2005Q2;брой лица в хиляди;42.2;
Мъже;45 - 54;2005Q3;брой лица в хиляди;38.6;
Мъже;45 - 54;2005Q4;брой лица в хиляди;38.0;
Мъже;45 - 54;2006Q1;брой лица в хиляди;36.3;
Мъже;45 - 54;2006Q2;брой лица в хиляди;32.9;
Мъже;45 - 54;2006Q3;брой лица в хиляди;34.7;
Мъже;45 - 54;2006Q4;брой лица в хиляди;29.1;
Мъже;45 - 54;2007Q1;брой лица в хиляди;28.3;
Мъже;45 - 54;2007Q2;брой лица в хиляди;25.6;
Мъже;45 - 54;2007Q3;брой лица в хиляди;20.4;
Мъже;45 - 54;2007Q4;брой лица в хиляди;20.2;
Мъже;45 - 54;2008Q1;брой лица в хиляди;25.7;
Мъже;45 - 54;2008Q2;брой лица в хиляди;22.7;
Мъже;45 - 54;2008Q3;брой лица в хиляди;19.1;
Мъже;45 - 54;2008Q4;брой лица в хиляди;15.6;
Мъже;45 - 54;2009Q1;брой лица в хиляди;23.3;
Мъже;45 - 54;2009Q2;брой лица в хиляди;25.5;
Мъже;45 - 54;2009Q3;брой лица в хиляди;28.4;
Мъже;45 - 54;2009Q4;брой лица в хиляди;28.3;
Мъже;45 - 54;2010Q1;брой лица в хиляди;37.6;
Мъже;45 - 54;2010Q2;брой лица в хиляди;39.8;
Мъже;45 - 54;2010Q3;брой лица в хиляди;38.5;
Мъже;45 - 54;2010Q4;брой лица в хиляди;43.8;
Мъже;45 - 54;2011Q1;брой лица в хиляди;46.4;
Мъже;45 - 54;2011Q2;брой лица в хиляди;44.9;
Мъже;45 - 54;2011Q3;брой лица в хиляди;41.9;
Мъже;45 - 54;2011Q4;брой лица в хиляди;42.7;
Мъже;45 - 54;2012Q1;брой лица в хиляди;51.5;
Мъже;45 - 54;2012Q2;брой лица в хиляди;44.6;
Мъже;45 - 54;2012Q3;брой лица в хиляди;43.9;
Мъже;45 - 54;2012Q4;брой лица в хиляди;44.3;
Мъже;45 - 54;2013Q1;брой лица в хиляди;50.5;
Мъже;45 - 54;2013Q2;брой лица в хиляди;46.5;
Мъже;45 - 54;2013Q3;брой лица в хиляди;38.3;
Мъже;45 - 54;2013Q4;брой лица в хиляди;43.1;
Мъже;45 - 54;2014Q1;брой лица в хиляди;50.7;
Мъже;45 - 54;2014Q2;брой лица в хиляди;46.2;
Мъже;45 - 54;2014Q3;брой лица в хиляди;43.8;
Мъже;45 - 54;2014Q4;брой лица в хиляди;36.5;
Мъже;45 - 54;2015Q1;брой лица в хиляди;38.9;
Мъже;45 - 54;2015Q2;брой лица в хиляди;41.0;
Мъже;45 - 54;2015Q3;брой лица в хиляди;34.5;
Мъже;45 - 54;2015Q4;брой лица в хиляди;28.2;
Мъже;45 - 54;2016Q1;брой лица в хиляди;31.2;
Мъже;45 - 54;2016Q2;брой лица в хиляди;32.8;
Мъже;45 - 54;2016Q3;брой лица в хиляди;28.0;
Мъже;45 - 54;2016Q4;брой лица в хиляди;21.4;
Мъже;45 - 54;2017Q1;брой лица в хиляди;24.5;
Мъже;45 - 54;2017Q2;брой лица в хиляди;27.6;
Мъже;45 - 54;2017Q3;брой лица в хиляди;23.4;
Мъже;45 - 54;2017Q4;брой лица в хиляди;20.5;
Мъже;45 - 54;2018Q1;брой лица в хиляди;23.5;
Мъже;45 - 54;2018Q2;брой лица в хиляди;22.6;
Мъже;45 - 54;2018Q3;брой лица в хиляди;18.4;
Мъже;45 - 54;2018Q4;брой лица в хиляди;17.4;
Мъже;45 - 54;2019Q1;брой лица в хиляди;18.7;
Мъже;45 - 54;2019Q2;брой лица в хиляди;13.7;
Мъже;45 - 54;2019Q3;брой лица в хиляди;10.5;
Мъже;45 - 54;2019Q4;брой лица в хиляди;14.8;
Мъже;45 - 54;2020Q1;брой лица в хиляди;16.3;
Мъже;55 - 64;2003Q1;брой лица в хиляди;25.1;
Мъже;55 - 64;2003Q2;брой лица в хиляди;23.6;
Мъже;55 - 64;2003Q3;брой лица в хиляди;21.0;
Мъже;55 - 64;2003Q4;брой лица в хиляди;19.8;
Мъже;55 - 64;2004Q1;брой лица в хиляди;22.9;
Мъже;55 - 64;2004Q2;брой лица в хиляди;22.9;
Мъже;55 - 64;2004Q3;брой лица в хиляди;20.4;
Мъже;55 - 64;2004Q4;брой лица в хиляди;23.2;
Мъже;55 - 64;2005Q1;брой лица в хиляди;20.5;
Мъже;55 - 64;2005Q2;брой лица в хиляди;21.0;
Мъже;55 - 64;2005Q3;брой лица в хиляди;19.5;
Мъже;55 - 64;2005Q4;брой лица в хиляди;17.9;
Мъже;55 - 64;2006Q1;брой лица в хиляди;15.4;
Мъже;55 - 64;2006Q2;брой лица в хиляди;18.9;
Мъже;55 - 64;2006Q3;брой лица в хиляди;19.8;
Мъже;55 - 64;2006Q4;брой лица в хиляди;18.3;
Мъже;55 - 64;2007Q1;брой лица в хиляди;16.3;
Мъже;55 - 64;2007Q2;брой лица в хиляди;17.3;
Мъже;55 - 64;2007Q3;брой лица в хиляди;14.3;
Мъже;55 - 64;2007Q4;брой лица в хиляди;15.9;
Мъже;55 - 64;2008Q1;брой лица в хиляди;16.0;
Мъже;55 - 64;2008Q2;брой лица в хиляди;13.7;
Мъже;55 - 64;2008Q3;брой лица в хиляди;12.1;
Мъже;55 - 64;2008Q4;брой лица в хиляди;11.9;
Мъже;55 - 64;2009Q1;брой лица в хиляди;15.2;
Мъже;55 - 64;2009Q2;брой лица в хиляди;12.8;
Мъже;55 - 64;2009Q3;брой лица в хиляди;13.7;
Мъже;55 - 64;2009Q4;брой лица в хиляди;18.8;
Мъже;55 - 64;2010Q1;брой лица в хиляди;21.9;
Мъже;55 - 64;2010Q2;брой лица в хиляди;24.7;
Мъже;55 - 64;2010Q3;брой лица в хиляди;27.2;
Мъже;55 - 64;2010Q4;брой лица в хиляди;30.6;
Мъже;55 - 64;2011Q1;брой лица в хиляди;25.6;
Мъже;55 - 64;2011Q2;брой лица в хиляди;25.5;
Мъже;55 - 64;2011Q3;брой лица в хиляди;24.6;
Мъже;55 - 64;2011Q4;брой лица в хиляди;29.5;
Мъже;55 - 64;2012Q1;брой лица в хиляди;29.9;
Мъже;55 - 64;2012Q2;брой лица в хиляди;31.3;
Мъже;55 - 64;2012Q3;брой лица в хиляди;33.4;
Мъже;55 - 64;2012Q4;брой лица в хиляди;34.8;
Мъже;55 - 64;2013Q1;брой лица в хиляди;39.1;
Мъже;55 - 64;2013Q2;брой лица в хиляди;39.1;
Мъже;55 - 64;2013Q3;брой лица в хиляди;36.7;
Мъже;55 - 64;2013Q4;брой лица в хиляди;40.9;
Мъже;55 - 64;2014Q1;брой лица в хиляди;42.4;
Мъже;55 - 64;2014Q2;брой лица в хиляди;37.5;
Мъже;55 - 64;2014Q3;брой лица в хиляди;38.4;
Мъже;55 - 64;2014Q4;брой лица в хиляди;36.4;
Мъже;55 - 64;2015Q1;брой лица в хиляди;34.3;
Мъже;55 - 64;2015Q2;брой лица в хиляди;29.8;
Мъже;55 - 64;2015Q3;брой лица в хиляди;22.9;
Мъже;55 - 64;2015Q4;брой лица в хиляди;24.7;
Мъже;55 - 64;2016Q1;брой лица в хиляди;27.8;
Мъже;55 - 64;2016Q2;брой лица в хиляди;26.2;
Мъже;55 - 64;2016Q3;брой лица в хиляди;20.2;
Мъже;55 - 64;2016Q4;брой лица в хиляди;21.0;
Мъже;55 - 64;2017Q1;брой лица в хиляди;21.6;
Мъже;55 - 64;2017Q2;брой лица в хиляди;20.6;
Мъже;55 - 64;2017Q3;брой лица в хиляди;19.0;
Мъже;55 - 64;2017Q4;брой лица в хиляди;19.3;
Мъже;55 - 64;2018Q1;брой лица в хиляди;21.3;
Мъже;55 - 64;2018Q2;брой лица в хиляди;17.3;
Мъже;55 - 64;2018Q3;брой лица в хиляди;16.3;
Мъже;55 - 64;2018Q4;брой лица в хиляди;14.2;
Мъже;55 - 64;2019Q1;брой лица в хиляди;14.2;
Мъже;55 - 64;2019Q2;брой лица в хиляди;13.0;
Мъже;55 - 64;2019Q3;брой лица в хиляди;12.9;
Мъже;55 - 64;2019Q4;брой лица в хиляди;12.3;
Мъже;55 - 64;2020Q1;брой лица в хиляди;13.3;
Мъже;65  и повече;2003Q1;брой лица в хиляди;(0.9);
Мъже;65  и повече;2003Q2;брой лица в хиляди;(0.6);
Мъже;65  и повече;2003Q3;брой лица в хиляди;(0.3);
Мъже;65  и повече;2003Q4;брой лица в хиляди;(0.2);
Мъже;65  и повече;2004Q1;брой лица в хиляди;(0.2);
Мъже;65  и повече;2004Q2;брой лица в хиляди;(0.2);
Мъже;65  и повече;2004Q3;брой лица в хиляди;-;
Мъже;65  и повече;2004Q4;брой лица в хиляди;(0.6);
Мъже;65  и повече;2005Q1;брой лица в хиляди;(0.4);
Мъже;65  и повече;2005Q2;брой лица в хиляди;(0.2);
Мъже;65  и повече;2005Q3;брой лица в хиляди;-;
Мъже;65  и повече;2005Q4;брой лица в хиляди;(0.8);
Мъже;65  и повече;2006Q1;брой лица в хиляди;(0.4);
Мъже;65  и повече;2006Q2;брой лица в хиляди;(1.0);
Мъже;65  и повече;2006Q3;брой лица в хиляди;(0.5);
Мъже;65  и повече;2006Q4;брой лица в хиляди;(1.2);
Мъже;65  и повече;2007Q1;брой лица в хиляди;(1.2);
Мъже;65  и повече;2007Q2;брой лица в хиляди;(1.0);
Мъже;65  и повече;2007Q3;брой лица в хиляди;(0.6);
Мъже;65  и повече;2007Q4;брой лица в хиляди;(0.7);
Мъже;65  и повече;2008Q1;брой лица в хиляди;(1.2);
Мъже;65  и повече;2008Q2;брой лица в хиляди;(0.7);
Мъже;65  и повече;2008Q3;брой лица в хиляди;-;
Мъже;65  и повече;2008Q4;брой лица в хиляди;(0.5);
Мъже;65  и повече;2009Q1;брой лица в хиляди;(1.4);
Мъже;65  и повече;2009Q2;брой лица в хиляди;(1.2);
Мъже;65  и повече;2009Q3;брой лица в хиляди;(0.4);
Мъже;65  и повече;2009Q4;брой лица в хиляди;(0.1);
Мъже;65  и повече;2010Q1;брой лица в хиляди;(0.6);
Мъже;65  и повече;2010Q2;брой лица в хиляди;(1.2);
Мъже;65  и повече;2010Q3;брой лица в хиляди;(1.3);
Мъже;65  и повече;2010Q4;брой лица в хиляди;(1.0);
Мъже;65  и повече;2011Q1;брой лица в хиляди;(0.5);
Мъже;65  и повече;2011Q2;брой лица в хиляди;(0.6);
Мъже;65  и повече;2011Q3;брой лица в хиляди;(0.6);
Мъже;65  и повече;2011Q4;брой лица в хиляди;(0.4);
Мъже;65  и повече;2012Q1;брой лица в хиляди;(0.5);
Мъже;65  и повече;2012Q2;брой лица в хиляди;(0.9);
Мъже;65  и повече;2012Q3;брой лица в хиляди;(0.3);
Мъже;65  и повече;2012Q4;брой лица в хиляди;(0.7);
Мъже;65  и повече;2013Q1;брой лица в хиляди;(2.1);
Мъже;65  и повече;2013Q2;брой лица в хиляди;(1.7);
Мъже;65  и повече;2013Q3;брой лица в хиляди;(1.2);
Мъже;65  и повече;2013Q4;брой лица в хиляди;(1.0);
Мъже;65  и повече;2014Q1;брой лица в хиляди;(0.8);
Мъже;65  и повече;2014Q2;брой лица в хиляди;(1.7);
Мъже;65  и повече;2014Q3;брой лица в хиляди;(2.2);
Мъже;65  и повече;2014Q4;брой лица в хиляди;(1.9);
Мъже;65  и повече;2015Q1;брой лица в хиляди;(2.1);
Мъже;65  и повече;2015Q2;брой лица в хиляди;(1.9);
Мъже;65  и повече;2015Q3;брой лица в хиляди;(1.7);
Мъже;65  и повече;2015Q4;брой лица в хиляди;(0.9);
Мъже;65  и повече;2016Q1;брой лица в хиляди;(0.8);
Мъже;65  и повече;2016Q2;брой лица в хиляди;(1.1);
Мъже;65  и повече;2016Q3;брой лица в хиляди;(1.2);
Мъже;65  и повече;2016Q4;брой лица в хиляди;(1.5);
Мъже;65  и повече;2017Q1;брой лица в хиляди;(0.7);
Мъже;65  и повече;2017Q2;брой лица в хиляди;(2.1);
Мъже;65  и повече;2017Q3;брой лица в хиляди;(1.7);
Мъже;65  и повече;2017Q4;брой лица в хиляди;(2.0);
Мъже;65  и повече;2018Q1;брой лица в хиляди;(1.2);
Мъже;65  и повече;2018Q2;брой лица в хиляди;(1.3);
Мъже;65  и повече;2018Q3;брой лица в хиляди;(1.6);
Мъже;65  и повече;2018Q4;брой лица в хиляди;(2.1);
Мъже;65  и повече;2019Q1;брой лица в хиляди;(1.7);
Мъже;65  и повече;2019Q2;брой лица в хиляди;(1.4);
Мъже;65  и повече;2019Q3;брой лица в хиляди;(1.8);
Мъже;65  и повече;2019Q4;брой лица в хиляди;(2.3);
Мъже;65  и повече;2020Q1;брой лица в хиляди;(1.3);
Жени;Общо;2003Q1;брой лица в хиляди;221.8;
Жени;Общо;2003Q2;брой лица в хиляди;205.2;
Жени;Общо;2003Q3;брой лица в хиляди;197.8;
Жени;Общо;2003Q4;брой лица в хиляди;188.3;
Жени;Общо;2004Q1;брой лица в хиляди;191.0;
Жени;Общо;2004Q2;брой лица в хиляди;183.4;
Жени;Общо;2004Q3;брой лица в хиляди;165.8;
Жени;Общо;2004Q4;брой лица в хиляди;170.9;
Жени;Общо;2005Q1;брой лица в хиляди;162.1;
Жени;Общо;2005Q2;брой лица в хиляди;149.1;
Жени;Общо;2005Q3;брой лица в хиляди;145.1;
Жени;Общо;2005Q4;брой лица в хиляди;149.5;
Жени;Общо;2006Q1;брой лица в хиляди;150.6;
Жени;Общо;2006Q2;брой лица в хиляди;149.6;
Жени;Общо;2006Q3;брой лица в хиляди;156.7;
Жени;Общо;2006Q4;брой лица в хиляди;140.6;
Жени;Общо;2007Q1;брой лица в хиляди;134.2;
Жени;Общо;2007Q2;брой лица в хиляди;112.6;
Жени;Общо;2007Q3;брой лица в хиляди;121.6;
Жени;Общо;2007Q4;брой лица в хиляди;109.8;
Жени;Общо;2008Q1;брой лица в хиляди;109.9;
Жени;Общо;2008Q2;брой лица в хиляди;100.6;
Жени;Общо;2008Q3;брой лица в хиляди;88.3;
Жени;Общо;2008Q4;брой лица в хиляди;84.3;
Жени;Общо;2009Q1;брой лица в хиляди;100.4;
Жени;Общо;2009Q2;брой лица в хиляди;105.2;
Жени;Общо;2009Q3;брой лица в хиляди;107.5;
Жени;Общо;2009Q4;брой лица в хиляди;118.6;
Жени;Общо;2010Q1;брой лица в хиляди;148.4;
Жени;Общо;2010Q2;брой лица в хиляди;150.5;
Жени;Общо;2010Q3;брой лица в хиляди;143.6;
Жени;Общо;2010Q4;брой лица в хиляди;167.8;
Жени;Общо;2011Q1;брой лица в хиляди;167.9;
Жени;Общо;2011Q2;брой лица в хиляди;156.4;
Жени;Общо;2011Q3;брой лица в хиляди;147.2;
Жени;Общо;2011Q4;брой лица в хиляди;157.4;
Жени;Общо;2012Q1;брой лица в хиляди;169.0;
Жени;Общо;2012Q2;брой лица в хиляди;166.8;
Жени;Общо;2012Q3;брой лица в хиляди;161.8;
Жени;Общо;2012Q4;брой лица в хиляди;179.5;
Жени;Общо;2013Q1;брой лица в хиляди;188.8;
Жени;Общо;2013Q2;брой лица в хиляди;185.6;
Жени;Общо;2013Q3;брой лица в хиляди;181.3;
Жени;Общо;2013Q4;брой лица в хиляди;190.3;
Жени;Общо;2014Q1;брой лица в хиляди;185.8;
Жени;Общо;2014Q2;брой лица в хиляди;157.8;
Жени;Общо;2014Q3;брой лица в хиляди;157.2;
Жени;Общо;2014Q4;брой лица в хиляди;151.5;
Жени;Общо;2015Q1;брой лица в хиляди;148.9;
Жени;Общо;2015Q2;брой лица в хиляди;135.9;
Жени;Общо;2015Q3;брой лица в хиляди;120.1;
Жени;Общо;2015Q4;брой лица в хиляди;118.7;
Жени;Общо;2016Q1;брой лица в хиляди;116.9;
Жени;Общо;2016Q2;брой лица в хиляди;109.9;
Жени;Общо;2016Q3;брой лица в хиляди;98.9;
Жени;Общо;2016Q4;брой лица в хиляди;96.6;
Жени;Общо;2017Q1;брой лица в хиляди;105.4;
Жени;Общо;2017Q2;брой лица в хиляди;90.0;
Жени;Общо;2017Q3;брой лица в хиляди;87.8;
Жени;Общо;2017Q4;брой лица в хиляди;87.9;
Жени;Общо;2018Q1;брой лица в хиляди;77.1;
Жени;Общо;2018Q2;брой лица в хиляди;72.4;
Жени;Общо;2018Q3;брой лица в хиляди;71.1;
Жени;Общо;2018Q4;брой лица в хиляди;65.9;
Жени;Общо;2019Q1;брой лица в хиляди;70.3;
Жени;Общо;2019Q2;брой лица в хиляди;59.3;
Жени;Общо;2019Q3;брой лица в хиляди;54.5;
Жени;Общо;2019Q4;брой лица в хиляди;57.9;
Жени;Общо;2020Q1;брой лица в хиляди;62.9;
Жени;15 - 64;2003Q1;брой лица в хиляди;221.0;
Жени;15 - 64;2003Q2;брой лица в хиляди;204.7;
Жени;15 - 64;2003Q3;брой лица в хиляди;197.2;
Жени;15 - 64;2003Q4;брой лица в хиляди;187.7;
Жени;15 - 64;2004Q1;брой лица в хиляди;190.6;
Жени;15 - 64;2004Q2;брой лица в хиляди;183.2;
Жени;15 - 64;2004Q3;брой лица в хиляди;165.5;
Жени;15 - 64;2004Q4;брой лица в хиляди;170.9;
Жени;15 - 64;2005Q1;брой лица в хиляди;162.1;
Жени;15 - 64;2005Q2;брой лица в хиляди;148.9;
Жени;15 - 64;2005Q3;брой лица в хиляди;145.1;
Жени;15 - 64;2005Q4;брой лица в хиляди;149.1;
Жени;15 - 64;2006Q1;брой лица в хиляди;150.4;
Жени;15 - 64;2006Q2;брой лица в хиляди;149.2;
Жени;15 - 64;2006Q3;брой лица в хиляди;156.5;
Жени;15 - 64;2006Q4;брой лица в хиляди;139.9;
Жени;15 - 64;2007Q1;брой лица в хиляди;134.0;
Жени;15 - 64;2007Q2;брой лица в хиляди;112.6;
Жени;15 - 64;2007Q3;брой лица в хиляди;121.3;
Жени;15 - 64;2007Q4;брой лица в хиляди;109.4;
Жени;15 - 64;2008Q1;брой лица в хиляди;109.5;
Жени;15 - 64;2008Q2;брой лица в хиляди;100.2;
Жени;15 - 64;2008Q3;брой лица в хиляди;87.6;
Жени;15 - 64;2008Q4;брой лица в хиляди;83.2;
Жени;15 - 64;2009Q1;брой лица в хиляди;99.9;
Жени;15 - 64;2009Q2;брой лица в хиляди;105.1;
Жени;15 - 64;2009Q3;брой лица в хиляди;106.8;
Жени;15 - 64;2009Q4;брой лица в хиляди;117.6;
Жени;15 - 64;2010Q1;брой лица в хиляди;147.2;
Жени;15 - 64;2010Q2;брой лица в хиляди;149.5;
Жени;15 - 64;2010Q3;брой лица в хиляди;143.1;
Жени;15 - 64;2010Q4;брой лица в хиляди;166.8;
Жени;15 - 64;2011Q1;брой лица в хиляди;166.7;
Жени;15 - 64;2011Q2;брой лица в хиляди;155.6;
Жени;15 - 64;2011Q3;брой лица в хиляди;146.8;
Жени;15 - 64;2011Q4;брой лица в хиляди;156.1;
Жени;15 - 64;2012Q1;брой лица в хиляди;167.8;
Жени;15 - 64;2012Q2;брой лица в хиляди;166.1;
Жени;15 - 64;2012Q3;брой лица в хиляди;161.2;
Жени;15 - 64;2012Q4;брой лица в хиляди;178.9;
Жени;15 - 64;2013Q1;брой лица в хиляди;187.2;
Жени;15 - 64;2013Q2;брой лица в хиляди;184.1;
Жени;15 - 64;2013Q3;брой лица в хиляди;179.9;
Жени;15 - 64;2013Q4;брой лица в хиляди;188.9;
Жени;15 - 64;2014Q1;брой лица в хиляди;183.9;
Жени;15 - 64;2014Q2;брой лица в хиляди;156.2;
Жени;15 - 64;2014Q3;брой лица в хиляди;155.6;
Жени;15 - 64;2014Q4;брой лица в хиляди;150.3;
Жени;15 - 64;2015Q1;брой лица в хиляди;147.8;
Жени;15 - 64;2015Q2;брой лица в хиляди;135.0;
Жени;15 - 64;2015Q3;брой лица в хиляди;119.2;
Жени;15 - 64;2015Q4;брой лица в хиляди;117.9;
Жени;15 - 64;2016Q1;брой лица в хиляди;116.0;
Жени;15 - 64;2016Q2;брой лица в хиляди;109.4;
Жени;15 - 64;2016Q3;брой лица в хиляди;98.4;
Жени;15 - 64;2016Q4;брой лица в хиляди;95.1;
Жени;15 - 64;2017Q1;брой лица в хиляди;103.9;
Жени;15 - 64;2017Q2;брой лица в хиляди;89.3;
Жени;15 - 64;2017Q3;брой лица в хиляди;86.8;
Жени;15 - 64;2017Q4;брой лица в хиляди;86.3;
Жени;15 - 64;2018Q1;брой лица в хиляди;75.9;
Жени;15 - 64;2018Q2;брой лица в хиляди;71.5;
Жени;15 - 64;2018Q3;брой лица в хиляди;70.0;
Жени;15 - 64;2018Q4;брой лица в хиляди;65.1;
Жени;15 - 64;2019Q1;брой лица в хиляди;69.8;
Жени;15 - 64;2019Q2;брой лица в хиляди;58.5;
Жени;15 - 64;2019Q3;брой лица в хиляди;53.6;
Жени;15 - 64;2019Q4;брой лица в хиляди;56.4;
Жени;15 - 64;2020Q1;брой лица в хиляди;61.3;
Жени;20 - 64;2003Q1;брой лица в хиляди;209.5;
Жени;20 - 64;2003Q2;брой лица в хиляди;195.5;
Жени;20 - 64;2003Q3;брой лица в хиляди;188.5;
Жени;20 - 64;2003Q4;брой лица в хиляди;180.2;
Жени;20 - 64;2004Q1;брой лица в хиляди;182.3;
Жени;20 - 64;2004Q2;брой лица в хиляди;173.4;
Жени;20 - 64;2004Q3;брой лица в хиляди;150.9;
Жени;20 - 64;2004Q4;брой лица в хиляди;158.0;
Жени;20 - 64;2005Q1;брой лица в хиляди;154.4;
Жени;20 - 64;2005Q2;брой лица в хиляди;140.9;
Жени;20 - 64;2005Q3;брой лица в хиляди;135.9;
Жени;20 - 64;2005Q4;брой лица в хиляди;141.9;
Жени;20 - 64;2006Q1;брой лица в хиляди;142.7;
Жени;20 - 64;2006Q2;брой лица в хиляди;141.1;
Жени;20 - 64;2006Q3;брой лица в хиляди;143.5;
Жени;20 - 64;2006Q4;брой лица в хиляди;131.2;
Жени;20 - 64;2007Q1;брой лица в хиляди;128.0;
Жени;20 - 64;2007Q2;брой лица в хиляди;109.3;
Жени;20 - 64;2007Q3;брой лица в хиляди;115.1;
Жени;20 - 64;2007Q4;брой лица в хиляди;103.5;
Жени;20 - 64;2008Q1;брой лица в хиляди;105.8;
Жени;20 - 64;2008Q2;брой лица в хиляди;97.2;
Жени;20 - 64;2008Q3;брой лица в хиляди;84.2;
Жени;20 - 64;2008Q4;брой лица в хиляди;79.9;
Жени;20 - 64;2009Q1;брой лица в хиляди;98.0;
Жени;20 - 64;2009Q2;брой лица в хиляди;101.3;
Жени;20 - 64;2009Q3;брой лица в хиляди;97.6;
Жени;20 - 64;2009Q4;брой лица в хиляди;110.5;
Жени;20 - 64;2010Q1;брой лица в хиляди;143.4;
Жени;20 - 64;2010Q2;брой лица в хиляди;144.9;
Жени;20 - 64;2010Q3;брой лица в хиляди;136.0;
Жени;20 - 64;2010Q4;брой лица в хиляди;161.4;
Жени;20 - 64;2011Q1;брой лица в хиляди;162.1;
Жени;20 - 64;2011Q2;брой лица в хиляди;151.0;
Жени;20 - 64;2011Q3;брой лица в хиляди;140.6;
Жени;20 - 64;2011Q4;брой лица в хиляди;149.8;
Жени;20 - 64;2012Q1;брой лица в хиляди;161.0;
Жени;20 - 64;2012Q2;брой лица в хиляди;160.1;
Жени;20 - 64;2012Q3;брой лица в хиляди;154.8;
Жени;20 - 64;2012Q4;брой лица в хиляди;170.5;
Жени;20 - 64;2013Q1;брой лица в хиляди;181.9;
Жени;20 - 64;2013Q2;брой лица в хиляди;180.6;
Жени;20 - 64;2013Q3;брой лица в хиляди;176.9;
Жени;20 - 64;2013Q4;брой лица в хиляди;185.2;
Жени;20 - 64;2014Q1;брой лица в хиляди;179.2;
Жени;20 - 64;2014Q2;брой лица в хиляди;153.1;
Жени;20 - 64;2014Q3;брой лица в хиляди;152.0;
Жени;20 - 64;2014Q4;брой лица в хиляди;146.3;
Жени;20 - 64;2015Q1;брой лица в хиляди;145.1;
Жени;20 - 64;2015Q2;брой лица в хиляди;132.3;
Жени;20 - 64;2015Q3;брой лица в хиляди;115.2;
Жени;20 - 64;2015Q4;брой лица в хиляди;114.6;
Жени;20 - 64;2016Q1;брой лица в хиляди;114.2;
Жени;20 - 64;2016Q2;брой лица в хиляди;108.7;
Жени;20 - 64;2016Q3;брой лица в хиляди;96.2;
Жени;20 - 64;2016Q4;брой лица в хиляди;93.4;
Жени;20 - 64;2017Q1;брой лица в хиляди;101.6;
Жени;20 - 64;2017Q2;брой лица в хиляди;87.0;
Жени;20 - 64;2017Q3;брой лица в хиляди;83.7;
Жени;20 - 64;2017Q4;брой лица в хиляди;84.0;
Жени;20 - 64;2018Q1;брой лица в хиляди;74.5;
Жени;20 - 64;2018Q2;брой лица в хиляди;69.8;
Жени;20 - 64;2018Q3;брой лица в хиляди;67.9;
Жени;20 - 64;2018Q4;брой лица в хиляди;62.8;
Жени;20 - 64;2019Q1;брой лица в хиляди;68.7;
Жени;20 - 64;2019Q2;брой лица в хиляди;57.5;
Жени;20 - 64;2019Q3;брой лица в хиляди;52.1;
Жени;20 - 64;2019Q4;брой лица в хиляди;54.7;
Жени;20 - 64;2020Q1;брой лица в хиляди;59.1;
Жени;15 - 29;2003Q1;брой лица в хиляди;67.4;
Жени;15 - 29;2003Q2;брой лица в хиляди;61.6;
Жени;15 - 29;2003Q3;брой лица в хиляди;59.1;
Жени;15 - 29;2003Q4;брой лица в хиляди;55.8;
Жени;15 - 29;2004Q1;брой лица в хиляди;56.4;
Жени;15 - 29;2004Q2;брой лица в хиляди;55.3;
Жени;15 - 29;2004Q3;брой лица в хиляди;51.9;
Жени;15 - 29;2004Q4;брой лица в хиляди;55.5;
Жени;15 - 29;2005Q1;брой лица в хиляди;43.9;
Жени;15 - 29;2005Q2;брой лица в хиляди;42.9;
Жени;15 - 29;2005Q3;брой лица в хиляди;43.7;
Жени;15 - 29;2005Q4;брой лица в хиляди;45.5;
Жени;15 - 29;2006Q1;брой лица в хиляди;42.7;
Жени;15 - 29;2006Q2;брой лица в хиляди;44.9;
Жени;15 - 29;2006Q3;брой лица в хиляди;50.3;
Жени;15 - 29;2006Q4;брой лица в хиляди;41.1;
Жени;15 - 29;2007Q1;брой лица в хиляди;32.5;
Жени;15 - 29;2007Q2;брой лица в хиляди;27.5;
Жени;15 - 29;2007Q3;брой лица в хиляди;36.2;
Жени;15 - 29;2007Q4;брой лица в хиляди;30.4;
Жени;15 - 29;2008Q1;брой лица в хиляди;25.5;
Жени;15 - 29;2008Q2;брой лица в хиляди;22.6;
Жени;15 - 29;2008Q3;брой лица в хиляди;17.7;
Жени;15 - 29;2008Q4;брой лица в хиляди;21.4;
Жени;15 - 29;2009Q1;брой лица в хиляди;21.3;
Жени;15 - 29;2009Q2;брой лица в хиляди;26.7;
Жени;15 - 29;2009Q3;брой лица в хиляди;31.0;
Жени;15 - 29;2009Q4;брой лица в хиляди;31.1;
Жени;15 - 29;2010Q1;брой лица в хиляди;40.3;
Жени;15 - 29;2010Q2;брой лица в хиляди;37.4;
Жени;15 - 29;2010Q3;брой лица в хиляди;40.9;
Жени;15 - 29;2010Q4;брой лица в хиляди;47.8;
Жени;15 - 29;2011Q1;брой лица в хиляди;50.1;
Жени;15 - 29;2011Q2;брой лица в хиляди;48.2;
Жени;15 - 29;2011Q3;брой лица в хиляди;44.3;
Жени;15 - 29;2011Q4;брой лица в хиляди;50.4;
Жени;15 - 29;2012Q1;брой лица в хиляди;56.9;
Жени;15 - 29;2012Q2;брой лица в хиляди;45.4;
Жени;15 - 29;2012Q3;брой лица в хиляди;46.3;
Жени;15 - 29;2012Q4;брой лица в хиляди;52.0;
Жени;15 - 29;2013Q1;брой лица в хиляди;57.1;
Жени;15 - 29;2013Q2;брой лица в хиляди;54.0;
Жени;15 - 29;2013Q3;брой лица в хиляди;49.5;
Жени;15 - 29;2013Q4;брой лица в хиляди;52.2;
Жени;15 - 29;2014Q1;брой лица в хиляди;49.5;
Жени;15 - 29;2014Q2;брой лица в хиляди;37.9;
Жени;15 - 29;2014Q3;брой лица в хиляди;40.3;
Жени;15 - 29;2014Q4;брой лица в хиляди;39.6;
Жени;15 - 29;2015Q1;брой лица в хиляди;34.5;
Жени;15 - 29;2015Q2;брой лица в хиляди;30.6;
Жени;15 - 29;2015Q3;брой лица в хиляди;31.1;
Жени;15 - 29;2015Q4;брой лица в хиляди;32.0;
Жени;15 - 29;2016Q1;брой лица в хиляди;23.4;
Жени;15 - 29;2016Q2;брой лица в хиляди;17.7;
Жени;15 - 29;2016Q3;брой лица в хиляди;22.3;
Жени;15 - 29;2016Q4;брой лица в хиляди;25.9;
Жени;15 - 29;2017Q1;брой лица в хиляди;20.7;
Жени;15 - 29;2017Q2;брой лица в хиляди;18.9;
Жени;15 - 29;2017Q3;брой лица в хиляди;21.1;
Жени;15 - 29;2017Q4;брой лица в хиляди;19.9;
Жени;15 - 29;2018Q1;брой лица в хиляди;13.5;
Жени;15 - 29;2018Q2;брой лица в хиляди;15.1;
Жени;15 - 29;2018Q3;брой лица в хиляди;14.6;
Жени;15 - 29;2018Q4;брой лица в хиляди;11.6;
Жени;15 - 29;2019Q1;брой лица в хиляди;13.7;
Жени;15 - 29;2019Q2;брой лица в хиляди;12.8;
Жени;15 - 29;2019Q3;брой лица в хиляди;10.0;
Жени;15 - 29;2019Q4;брой лица в хиляди;10.8;
Жени;15 - 29;2020Q1;брой лица в хиляди;11.4;
Жени;15 - 24;2003Q1;брой лица в хиляди;37.9;
Жени;15 - 24;2003Q2;брой лица в хиляди;32.8;
Жени;15 - 24;2003Q3;брой лица в хиляди;33.5;
Жени;15 - 24;2003Q4;брой лица в хиляди;33.0;
Жени;15 - 24;2004Q1;брой лица в хиляди;29.5;
Жени;15 - 24;2004Q2;брой лица в хиляди;32.0;
Жени;15 - 24;2004Q3;брой лица в хиляди;33.5;
Жени;15 - 24;2004Q4;брой лица в хиляди;37.1;
Жени;15 - 24;2005Q1;брой лица в хиляди;27.2;
Жени;15 - 24;2005Q2;брой лица в хиляди;25.7;
Жени;15 - 24;2005Q3;брой лица в хиляди;27.1;
Жени;15 - 24;2005Q4;брой лица в хиляди;26.9;
Жени;15 - 24;2006Q1;брой лица в хиляди;23.7;
Жени;15 - 24;2006Q2;брой лица в хиляди;26.0;
Жени;15 - 24;2006Q3;брой лица в хиляди;32.2;
Жени;15 - 24;2006Q4;брой лица в хиляди;27.3;
Жени;15 - 24;2007Q1;брой лица в хиляди;19.7;
Жени;15 - 24;2007Q2;брой лица в хиляди;14.5;
Жени;15 - 24;2007Q3;брой лица в хиляди;25.9;
Жени;15 - 24;2007Q4;брой лица в хиляди;22.6;
Жени;15 - 24;2008Q1;брой лица в хиляди;16.2;
Жени;15 - 24;2008Q2;брой лица в хиляди;14.3;
Жени;15 - 24;2008Q3;брой лица в хиляди;12.0;
Жени;15 - 24;2008Q4;брой лица в хиляди;15.2;
Жени;15 - 24;2009Q1;брой лица в хиляди;12.8;
Жени;15 - 24;2009Q2;брой лица в хиляди;14.6;
Жени;15 - 24;2009Q3;брой лица в хиляди;19.0;
Жени;15 - 24;2009Q4;брой лица в хиляди;18.3;
Жени;15 - 24;2010Q1;брой лица в хиляди;20.5;
Жени;15 - 24;2010Q2;брой лица в хиляди;21.7;
Жени;15 - 24;2010Q3;брой лица в хиляди;26.7;
Жени;15 - 24;2010Q4;брой лица в хиляди;24.7;
Жени;15 - 24;2011Q1;брой лица в хиляди;23.6;
Жени;15 - 24;2011Q2;брой лица в хиляди;22.8;
Жени;15 - 24;2011Q3;брой лица в хиляди;24.4;
Жени;15 - 24;2011Q4;брой лица в хиляди;27.5;
Жени;15 - 24;2012Q1;брой лица в хиляди;28.8;
Жени;15 - 24;2012Q2;брой лица в хиляди;23.6;
Жени;15 - 24;2012Q3;брой лица в хиляди;23.0;
Жени;15 - 24;2012Q4;брой лица в хиляди;29.0;
Жени;15 - 24;2013Q1;брой лица в хиляди;26.3;
Жени;15 - 24;2013Q2;брой лица в хиляди;25.0;
Жени;15 - 24;2013Q3;брой лица в хиляди;22.3;
Жени;15 - 24;2013Q4;брой лица в хиляди;22.0;
Жени;15 - 24;2014Q1;брой лица в хиляди;21.4;
Жени;15 - 24;2014Q2;брой лица в хиляди;18.7;
Жени;15 - 24;2014Q3;брой лица в хиляди;18.7;
Жени;15 - 24;2014Q4;брой лица в хиляди;18.3;
Жени;15 - 24;2015Q1;брой лица в хиляди;17.2;
Жени;15 - 24;2015Q2;брой лица в хиляди;15.7;
Жени;15 - 24;2015Q3;брой лица в хиляди;14.9;
Жени;15 - 24;2015Q4;брой лица в хиляди;16.7;
Жени;15 - 24;2016Q1;брой лица в хиляди;11.4;
Жени;15 - 24;2016Q2;брой лица в хиляди;8.4;
Жени;15 - 24;2016Q3;брой лица в хиляди;11.8;
Жени;15 - 24;2016Q4;брой лица в хиляди;11.8;
Жени;15 - 24;2017Q1;брой лица в хиляди;8.7;
Жени;15 - 24;2017Q2;брой лица в хиляди;8.7;
Жени;15 - 24;2017Q3;брой лица в хиляди;8.8;
Жени;15 - 24;2017Q4;брой лица в хиляди;8.1;
Жени;15 - 24;2018Q1;брой лица в хиляди;7.0;
Жени;15 - 24;2018Q2;брой лица в хиляди;7.6;
Жени;15 - 24;2018Q3;брой лица в хиляди;8.0;
Жени;15 - 24;2018Q4;брой лица в хиляди;5.6;
Жени;15 - 24;2019Q1;брой лица в хиляди;5.1;
Жени;15 - 24;2019Q2;брой лица в хиляди;5.6;
Жени;15 - 24;2019Q3;брой лица в хиляди;4.9;
Жени;15 - 24;2019Q4;брой лица в хиляди;(4.5);
Жени;15 - 24;2020Q1;брой лица в хиляди;(5.5);
Жени;25 - 34;2003Q1;брой лица в хиляди;58.8;
Жени;25 - 34;2003Q2;брой лица в хиляди;56.2;
Жени;25 - 34;2003Q3;брой лица в хиляди;52.8;
Жени;25 - 34;2003Q4;брой лица в хиляди;48.3;
Жени;25 - 34;2004Q1;брой лица в хиляди;53.8;
Жени;25 - 34;2004Q2;брой лица в хиляди;46.4;
Жени;25 - 34;2004Q3;брой лица в хиляди;41.7;
Жени;25 - 34;2004Q4;брой лица в хиляди;42.3;
Жени;25 - 34;2005Q1;брой лица в хиляди;38.8;
Жени;25 - 34;2005Q2;брой лица в хиляди;37.7;
Жени;25 - 34;2005Q3;брой лица в хиляди;35.4;
Жени;25 - 34;2005Q4;брой лица в хиляди;37.8;
Жени;25 - 34;2006Q1;брой лица в хиляди;40.4;
Жени;25 - 34;2006Q2;брой лица в хиляди;37.9;
Жени;25 - 34;2006Q3;брой лица в хиляди;37.0;
Жени;25 - 34;2006Q4;брой лица в хиляди;29.3;
Жени;25 - 34;2007Q1;брой лица в хиляди;26.2;
Жени;25 - 34;2007Q2;брой лица в хиляди;24.9;
Жени;25 - 34;2007Q3;брой лица в хиляди;24.0;
Жени;25 - 34;2007Q4;брой лица в хиляди;20.1;
Жени;25 - 34;2008Q1;брой лица в хиляди;23.1;
Жени;25 - 34;2008Q2;брой лица в хиляди;20.5;
Жени;25 - 34;2008Q3;брой лица в хиляди;16.4;
Жени;25 - 34;2008Q4;брой лица в хиляди;14.6;
Жени;25 - 34;2009Q1;брой лица в хиляди;20.2;
Жени;25 - 34;2009Q2;брой лица в хиляди;24.5;
Жени;25 - 34;2009Q3;брой лица в хиляди;22.4;
Жени;25 - 34;2009Q4;брой лица в хиляди;24.9;
Жени;25 - 34;2010Q1;брой лица в хиляди;41.3;
Жени;25 - 34;2010Q2;брой лица в хиляди;39.3;
Жени;25 - 34;2010Q3;брой лица в хиляди;34.2;
Жени;25 - 34;2010Q4;брой лица в хиляди;46.8;
Жени;25 - 34;2011Q1;брой лица в хиляди;49.7;
Жени;25 - 34;2011Q2;брой лица в хиляди;45.1;
Жени;25 - 34;2011Q3;брой лица в хиляди;41.2;
Жени;25 - 34;2011Q4;брой лица в хиляди;43.2;
Жени;25 - 34;2012Q1;брой лица в хиляди;45.8;
Жени;25 - 34;2012Q2;брой лица в хиляди;45.5;
Жени;25 - 34;2012Q3;брой лица в хиляди;45.2;
Жени;25 - 34;2012Q4;брой лица в хиляди;44.0;
Жени;25 - 34;2013Q1;брой лица в хиляди;50.0;
Жени;25 - 34;2013Q2;брой лица в хиляди;52.2;
Жени;25 - 34;2013Q3;брой лица в хиляди;51.5;
Жени;25 - 34;2013Q4;брой лица в хиляди;54.3;
Жени;25 - 34;2014Q1;брой лица в хиляди;51.6;
Жени;25 - 34;2014Q2;брой лица в хиляди;39.7;
Жени;25 - 34;2014Q3;брой лица в хиляди;39.1;
Жени;25 - 34;2014Q4;брой лица в хиляди;35.4;
Жени;25 - 34;2015Q1;брой лица в хиляди;36.0;
Жени;25 - 34;2015Q2;брой лица в хиляди;32.8;
Жени;25 - 34;2015Q3;брой лица в хиляди;28.7;
Жени;25 - 34;2015Q4;брой лица в хиляди;26.5;
Жени;25 - 34;2016Q1;брой лица в хиляди;26.7;
Жени;25 - 34;2016Q2;брой лица в хиляди;22.8;
Жени;25 - 34;2016Q3;брой лица в хиляди;21.8;
Жени;25 - 34;2016Q4;брой лица в хиляди;22.5;
Жени;25 - 34;2017Q1;брой лица в хиляди;22.9;
Жени;25 - 34;2017Q2;брой лица в хиляди;21.9;
Жени;25 - 34;2017Q3;брой лица в хиляди;24.7;
Жени;25 - 34;2017Q4;брой лица в хиляди;21.4;
Жени;25 - 34;2018Q1;брой лица в хиляди;16.7;
Жени;25 - 34;2018Q2;брой лица в хиляди;17.1;
Жени;25 - 34;2018Q3;брой лица в хиляди;15.3;
Жени;25 - 34;2018Q4;брой лица в хиляди;15.4;
Жени;25 - 34;2019Q1;брой лица в хиляди;18.7;
Жени;25 - 34;2019Q2;брой лица в хиляди;14.4;
Жени;25 - 34;2019Q3;брой лица в хиляди;11.7;
Жени;25 - 34;2019Q4;брой лица в хиляди;13.2;
Жени;25 - 34;2020Q1;брой лица в хиляди;12.2;
Жени;35 - 44;2003Q1;брой лица в хиляди;49.5;
Жени;35 - 44;2003Q2;брой лица в хиляди;48.4;
Жени;35 - 44;2003Q3;брой лица в хиляди;46.8;
Жени;35 - 44;2003Q4;брой лица в хиляди;41.2;
Жени;35 - 44;2004Q1;брой лица в хиляди;44.4;
Жени;35 - 44;2004Q2;брой лица в хиляди;45.9;
Жени;35 - 44;2004Q3;брой лица в хиляди;34.8;
Жени;35 - 44;2004Q4;брой лица в хиляди;36.6;
Жени;35 - 44;2005Q1;брой лица в хиляди;44.8;
Жени;35 - 44;2005Q2;брой лица в хиляди;37.6;
Жени;35 - 44;2005Q3;брой лица в хиляди;33.9;
Жени;35 - 44;2005Q4;брой лица в хиляди;36.4;
Жени;35 - 44;2006Q1;брой лица в хиляди;39.0;
Жени;35 - 44;2006Q2;брой лица в хиляди;33.7;
Жени;35 - 44;2006Q3;брой лица в хиляди;35.7;
Жени;35 - 44;2006Q4;брой лица в хиляди;36.1;
Жени;35 - 44;2007Q1;брой лица в хиляди;36.9;
Жени;35 - 44;2007Q2;брой лица в хиляди;29.9;
Жени;35 - 44;2007Q3;брой лица в хиляди;27.3;
Жени;35 - 44;2007Q4;брой лица в хиляди;25.5;
Жени;35 - 44;2008Q1;брой лица в хиляди;27.8;
Жени;35 - 44;2008Q2;брой лица в хиляди;23.8;
Жени;35 - 44;2008Q3;брой лица в хиляди;22.7;
Жени;35 - 44;2008Q4;брой лица в хиляди;21.1;
Жени;35 - 44;2009Q1;брой лица в хиляди;25.4;
Жени;35 - 44;2009Q2;брой лица в хиляди;23.3;
Жени;35 - 44;2009Q3;брой лица в хиляди;26.8;
Жени;35 - 44;2009Q4;брой лица в хиляди;32.5;
Жени;35 - 44;2010Q1;брой лица в хиляди;32.6;
Жени;35 - 44;2010Q2;брой лица в хиляди;32.4;
Жени;35 - 44;2010Q3;брой лица в хиляди;30.0;
Жени;35 - 44;2010Q4;брой лица в хиляди;39.8;
Жени;35 - 44;2011Q1;брой лица в хиляди;34.7;
Жени;35 - 44;2011Q2;брой лица в хиляди;33.8;
Жени;35 - 44;2011Q3;брой лица в хиляди;35.5;
Жени;35 - 44;2011Q4;брой лица в хиляди;35.0;
Жени;35 - 44;2012Q1;брой лица в хиляди;34.4;
Жени;35 - 44;2012Q2;брой лица в хиляди;36.1;
Жени;35 - 44;2012Q3;брой лица в хиляди;38.0;
Жени;35 - 44;2012Q4;брой лица в хиляди;40.9;
Жени;35 - 44;2013Q1;брой лица в хиляди;44.0;
Жени;35 - 44;2013Q2;брой лица в хиляди;38.3;
Жени;35 - 44;2013Q3;брой лица в хиляди;38.6;
Жени;35 - 44;2013Q4;брой лица в хиляди;40.4;
Жени;35 - 44;2014Q1;брой лица в хиляди;40.7;
Жени;35 - 44;2014Q2;брой лица в хиляди;37.9;
Жени;35 - 44;2014Q3;брой лица в хиляди;40.6;
Жени;35 - 44;2014Q4;брой лица в хиляди;36.0;
Жени;35 - 44;2015Q1;брой лица в хиляди;35.8;
Жени;35 - 44;2015Q2;брой лица в хиляди;33.9;
Жени;35 - 44;2015Q3;брой лица в хиляди;29.0;
Жени;35 - 44;2015Q4;брой лица в хиляди;25.1;
Жени;35 - 44;2016Q1;брой лица в хиляди;28.0;
Жени;35 - 44;2016Q2;брой лица в хиляди;28.6;
Жени;35 - 44;2016Q3;брой лица в хиляди;23.9;
Жени;35 - 44;2016Q4;брой лица в хиляди;23.1;
Жени;35 - 44;2017Q1;брой лица в хиляди;27.9;
Жени;35 - 44;2017Q2;брой лица в хиляди;23.3;
Жени;35 - 44;2017Q3;брой лица в хиляди;22.4;
Жени;35 - 44;2017Q4;брой лица в хиляди;22.5;
Жени;35 - 44;2018Q1;брой лица в хиляди;21.2;
Жени;35 - 44;2018Q2;брой лица в хиляди;18.5;
Жени;35 - 44;2018Q3;брой лица в хиляди;19.3;
Жени;35 - 44;2018Q4;брой лица в хиляди;18.7;
Жени;35 - 44;2019Q1;брой лица в хиляди;18.4;
Жени;35 - 44;2019Q2;брой лица в хиляди;14.3;
Жени;35 - 44;2019Q3;брой лица в хиляди;14.3;
Жени;35 - 44;2019Q4;брой лица в хиляди;15.9;
Жени;35 - 44;2020Q1;брой лица в хиляди;13.7;
Жени;45 - 54;2003Q1;брой лица в хиляди;59.3;
Жени;45 - 54;2003Q2;брой лица в хиляди;52.7;
Жени;45 - 54;2003Q3;брой лица в хиляди;50.6;
Жени;45 - 54;2003Q4;брой лица в хиляди;49.7;
Жени;45 - 54;2004Q1;брой лица в хиляди;47.6;
Жени;45 - 54;2004Q2;брой лица в хиляди;45.6;
Жени;45 - 54;2004Q3;брой лица в хиляди;42.3;
Жени;45 - 54;2004Q4;брой лица в хиляди;43.4;
Жени;45 - 54;2005Q1;брой лица в хиляди;38.4;
Жени;45 - 54;2005Q2;брой лица в хиляди;33.5;
Жени;45 - 54;2005Q3;брой лица в хиляди;38.4;
Жени;45 - 54;2005Q4;брой лица в хиляди;37.9;
Жени;45 - 54;2006Q1;брой лица в хиляди;35.4;
Жени;45 - 54;2006Q2;брой лица в хиляди;36.9;
Жени;45 - 54;2006Q3;брой лица в хиляди;34.6;
Жени;45 - 54;2006Q4;брой лица в хиляди;32.5;
Жени;45 - 54;2007Q1;брой лица в хиляди;34.6;
Жени;45 - 54;2007Q2;брой лица в хиляди;28.4;
Жени;45 - 54;2007Q3;брой лица в хиляди;30.7;
Жени;45 - 54;2007Q4;брой лица в хиляди;28.9;
Жени;45 - 54;2008Q1;брой лица в хиляди;26.5;
Жени;45 - 54;2008Q2;брой лица в хиляди;27.8;
Жени;45 - 54;2008Q3;брой лица в хиляди;24.6;
Жени;45 - 54;2008Q4;брой лица в хиляди;21.9;
Жени;45 - 54;2009Q1;брой лица в хиляди;26.8;
Жени;45 - 54;2009Q2;брой лица в хиляди;25.5;
Жени;45 - 54;2009Q3;брой лица в хиляди;24.1;
Жени;45 - 54;2009Q4;брой лица в хиляди;27.3;
Жени;45 - 54;2010Q1;брой лица в хиляди;33.6;
Жени;45 - 54;2010Q2;брой лица в хиляди;33.4;
Жени;45 - 54;2010Q3;брой лица в хиляди;31.9;
Жени;45 - 54;2010Q4;брой лица в хиляди;34.0;
Жени;45 - 54;2011Q1;брой лица в хиляди;36.3;
Жени;45 - 54;2011Q2;брой лица в хиляди;32.3;
Жени;45 - 54;2011Q3;брой лица в хиляди;29.6;
Жени;45 - 54;2011Q4;брой лица в хиляди;32.3;
Жени;45 - 54;2012Q1;брой лица в хиляди;37.5;
Жени;45 - 54;2012Q2;брой лица в хиляди;37.5;
Жени;45 - 54;2012Q3;брой лица в хиляди;32.5;
Жени;45 - 54;2012Q4;брой лица в хиляди;39.0;
Жени;45 - 54;2013Q1;брой лица в хиляди;40.5;
Жени;45 - 54;2013Q2;брой лица в хиляди;37.4;
Жени;45 - 54;2013Q3;брой лица в хиляди;36.5;
Жени;45 - 54;2013Q4;брой лица в хиляди;38.8;
Жени;45 - 54;2014Q1;брой лица в хиляди;37.1;
Жени;45 - 54;2014Q2;брой лица в хиляди;31.2;
Жени;45 - 54;2014Q3;брой лица в хиляди;31.9;
Жени;45 - 54;2014Q4;брой лица в хиляди;32.5;
Жени;45 - 54;2015Q1;брой лица в хиляди;32.5;
Жени;45 - 54;2015Q2;брой лица в хиляди;29.5;
Жени;45 - 54;2015Q3;брой лица в хиляди;26.5;
Жени;45 - 54;2015Q4;брой лица в хиляди;28.8;
Жени;45 - 54;2016Q1;брой лица в хиляди;29.4;
Жени;45 - 54;2016Q2;брой лица в хиляди;29.5;
Жени;45 - 54;2016Q3;брой лица в хиляди;23.7;
Жени;45 - 54;2016Q4;брой лица в хиляди;20.9;
Жени;45 - 54;2017Q1;брой лица в хиляди;25.8;
Жени;45 - 54;2017Q2;брой лица в хиляди;20.5;
Жени;45 - 54;2017Q3;брой лица в хиляди;17.1;
Жени;45 - 54;2017Q4;брой лица в хиляди;19.8;
Жени;45 - 54;2018Q1;брой лица в хиляди;18.4;
Жени;45 - 54;2018Q2;брой лица в хиляди;18.3;
Жени;45 - 54;2018Q3;брой лица в хиляди;15.9;
Жени;45 - 54;2018Q4;брой лица в хиляди;14.6;
Жени;45 - 54;2019Q1;брой лица в хиляди;15.0;
Жени;45 - 54;2019Q2;брой лица в хиляди;13.1;
Жени;45 - 54;2019Q3;брой лица в хиляди;11.7;
Жени;45 - 54;2019Q4;брой лица в хиляди;11.4;
Жени;45 - 54;2020Q1;брой лица в хиляди;17.2;
Жени;55 - 64;2003Q1;брой лица в хиляди;15.4;
Жени;55 - 64;2003Q2;брой лица в хиляди;14.6;
Жени;55 - 64;2003Q3;брой лица в хиляди;13.5;
Жени;55 - 64;2003Q4;брой лица в хиляди;15.6;
Жени;55 - 64;2004Q1;брой лица в хиляди;15.2;
Жени;55 - 64;2004Q2;брой лица в хиляди;13.3;
Жени;55 - 64;2004Q3;брой лица в хиляди;13.2;
Жени;55 - 64;2004Q4;брой лица в хиляди;11.6;
Жени;55 - 64;2005Q1;брой лица в хиляди;13.0;
Жени;55 - 64;2005Q2;брой лица в хиляди;14.4;
Жени;55 - 64;2005Q3;брой лица в хиляди;10.2;
Жени;55 - 64;2005Q4;брой лица в хиляди;10.2;
Жени;55 - 64;2006Q1;брой лица в хиляди;11.9;
Жени;55 - 64;2006Q2;брой лица в хиляди;14.7;
Жени;55 - 64;2006Q3;брой лица в хиляди;17.0;
Жени;55 - 64;2006Q4;брой лица в хиляди;14.8;
Жени;55 - 64;2007Q1;брой лица в хиляди;16.6;
Жени;55 - 64;2007Q2;брой лица в хиляди;14.9;
Жени;55 - 64;2007Q3;брой лица в хиляди;13.5;
Жени;55 - 64;2007Q4;брой лица в хиляди;12.4;
Жени;55 - 64;2008Q1;брой лица в хиляди;15.9;
Жени;55 - 64;2008Q2;брой лица в хиляди;13.9;
Жени;55 - 64;2008Q3;брой лица в хиляди;11.9;
Жени;55 - 64;2008Q4;брой лица в хиляди;10.4;
Жени;55 - 64;2009Q1;брой лица в хиляди;14.8;
Жени;55 - 64;2009Q2;брой лица в хиляди;17.1;
Жени;55 - 64;2009Q3;брой лица в хиляди;14.4;
Жени;55 - 64;2009Q4;брой лица в хиляди;14.5;
Жени;55 - 64;2010Q1;брой лица в хиляди;19.3;
Жени;55 - 64;2010Q2;брой лица в хиляди;22.6;
Жени;55 - 64;2010Q3;брой лица в хиляди;20.2;
Жени;55 - 64;2010Q4;брой лица в хиляди;21.4;
Жени;55 - 64;2011Q1;брой лица в хиляди;22.4;
Жени;55 - 64;2011Q2;брой лица в хиляди;21.5;
Жени;55 - 64;2011Q3;брой лица в хиляди;16.1;
Жени;55 - 64;2011Q4;брой лица в хиляди;18.1;
Жени;55 - 64;2012Q1;брой лица в хиляди;21.4;
Жени;55 - 64;2012Q2;брой лица в хиляди;23.5;
Жени;55 - 64;2012Q3;брой лица в хиляди;22.6;
Жени;55 - 64;2012Q4;брой лица в хиляди;26.0;
Жени;55 - 64;2013Q1;брой лица в хиляди;26.4;
Жени;55 - 64;2013Q2;брой лица в хиляди;31.2;
Жени;55 - 64;2013Q3;брой лица в хиляди;30.9;
Жени;55 - 64;2013Q4;брой лица в хиляди;33.4;
Жени;55 - 64;2014Q1;брой лица в хиляди;33.2;
Жени;55 - 64;2014Q2;брой лица в хиляди;28.7;
Жени;55 - 64;2014Q3;брой лица в хиляди;25.3;
Жени;55 - 64;2014Q4;брой лица в хиляди;28.1;
Жени;55 - 64;2015Q1;брой лица в хиляди;26.3;
Жени;55 - 64;2015Q2;брой лица в хиляди;23.0;
Жени;55 - 64;2015Q3;брой лица в хиляди;20.0;
Жени;55 - 64;2015Q4;брой лица в хиляди;20.8;
Жени;55 - 64;2016Q1;брой лица в хиляди;20.6;
Жени;55 - 64;2016Q2;брой лица в хиляди;20.2;
Жени;55 - 64;2016Q3;брой лица в хиляди;17.1;
Жени;55 - 64;2016Q4;брой лица в хиляди;16.8;
Жени;55 - 64;2017Q1;брой лица в хиляди;18.5;
Жени;55 - 64;2017Q2;брой лица в хиляди;14.9;
Жени;55 - 64;2017Q3;брой лица в хиляди;13.9;
Жени;55 - 64;2017Q4;брой лица в хиляди;14.5;
Жени;55 - 64;2018Q1;брой лица в хиляди;12.6;
Жени;55 - 64;2018Q2;брой лица в хиляди;10.0;
Жени;55 - 64;2018Q3;брой лица в хиляди;11.5;
Жени;55 - 64;2018Q4;брой лица в хиляди;10.8;
Жени;55 - 64;2019Q1;брой лица в хиляди;12.6;
Жени;55 - 64;2019Q2;брой лица в хиляди;11.0;
Жени;55 - 64;2019Q3;брой лица в хиляди;11.0;
Жени;55 - 64;2019Q4;брой лица в хиляди;11.4;
Жени;55 - 64;2020Q1;брой лица в хиляди;12.7;
Жени;65  и повече;2003Q1;брой лица в хиляди;(0.8);
Жени;65  и повече;2003Q2;брой лица в хиляди;(0.6);
Жени;65  и повече;2003Q3;брой лица в хиляди;(0.6);
Жени;65  и повече;2003Q4;брой лица в хиляди;(0.6);
Жени;65  и повече;2004Q1;брой лица в хиляди;(0.4);
Жени;65  и повече;2004Q2;брой лица в хиляди;(0.2);
Жени;65  и повече;2004Q3;брой лица в хиляди;(0.2);
Жени;65  и повече;2004Q4;брой лица в хиляди;-;
Жени;65  и повече;2005Q1;брой лица в хиляди;-;
Жени;65  и повече;2005Q2;брой лица в хиляди;(0.2);
Жени;65  и повече;2005Q3;брой лица в хиляди;-;
Жени;65  и повече;2005Q4;брой лица в хиляди;(0.4);
Жени;65  и повече;2006Q1;брой лица в хиляди;(0.2);
Жени;65  и повече;2006Q2;брой лица в хиляди;(0.4);
Жени;65  и повече;2006Q3;брой лица в хиляди;(0.2);
Жени;65  и повече;2006Q4;брой лица в хиляди;(0.7);
Жени;65  и повече;2007Q1;брой лица в хиляди;(0.2);
Жени;65  и повече;2007Q2;брой лица в хиляди;-;
Жени;65  и повече;2007Q3;брой лица в хиляди;(0.3);
Жени;65  и повече;2007Q4;брой лица в хиляди;(0.4);
Жени;65  и повече;2008Q1;брой лица в хиляди;(0.4);
Жени;65  и повече;2008Q2;брой лица в хиляди;(0.4);
Жени;65  и повече;2008Q3;брой лица в хиляди;(0.7);
Жени;65  и повече;2008Q4;брой лица в хиляди;(1.1);
Жени;65  и повече;2009Q1;брой лица в хиляди;(0.5);
Жени;65  и повече;2009Q2;брой лица в хиляди;(0.2);
Жени;65  и повече;2009Q3;брой лица в хиляди;(0.7);
Жени;65  и повече;2009Q4;брой лица в хиляди;(0.9);
Жени;65  и повече;2010Q1;брой лица в хиляди;(1.1);
Жени;65  и повече;2010Q2;брой лица в хиляди;(1.0);
Жени;65  и повече;2010Q3;брой лица в хиляди;(0.6);
Жени;65  и повече;2010Q4;брой лица в хиляди;(1.0);
Жени;65  и повече;2011Q1;брой лица в хиляди;(1.1);
Жени;65  и повече;2011Q2;брой лица в хиляди;(0.8);
Жени;65  и повече;2011Q3;брой лица в хиляди;(0.4);
Жени;65  и повече;2011Q4;брой лица в хиляди;(1.3);
Жени;65  и повече;2012Q1;брой лица в хиляди;(1.2);
Жени;65  и повече;2012Q2;брой лица в хиляди;(0.7);
Жени;65  и повече;2012Q3;брой лица в хиляди;(0.6);
Жени;65  и повече;2012Q4;брой лица в хиляди;(0.5);
Жени;65  и повече;2013Q1;брой лица в хиляди;(1.6);
Жени;65  и повече;2013Q2;брой лица в хиляди;(1.5);
Жени;65  и повече;2013Q3;брой лица в хиляди;(1.4);
Жени;65  и повече;2013Q4;брой лица в хиляди;(1.4);
Жени;65  и повече;2014Q1;брой лица в хиляди;(1.9);
Жени;65  и повече;2014Q2;брой лица в хиляди;(1.6);
Жени;65  и повече;2014Q3;брой лица в хиляди;(1.6);
Жени;65  и повече;2014Q4;брой лица в хиляди;(1.1);
Жени;65  и повече;2015Q1;брой лица в хиляди;(1.1);
Жени;65  и повече;2015Q2;брой лица в хиляди;(1.0);
Жени;65  и повече;2015Q3;брой лица в хиляди;(1.0);
Жени;65  и повече;2015Q4;брой лица в хиляди;(0.8);
Жени;65  и повече;2016Q1;брой лица в хиляди;(0.8);
Жени;65  и повече;2016Q2;брой лица в хиляди;(0.5);
Жени;65  и повече;2016Q3;брой лица в хиляди;(0.5);
Жени;65  и повече;2016Q4;брой лица в хиляди;(1.5);
Жени;65  и повече;2017Q1;брой лица в хиляди;(1.5);
Жени;65  и повече;2017Q2;брой лица в хиляди;(0.7);
Жени;65  и повече;2017Q3;брой лица в хиляди;(1.0);
Жени;65  и повече;2017Q4;брой лица в хиляди;(1.6);
Жени;65  и повече;2018Q1;брой лица в хиляди;(1.2);
Жени;65  и повече;2018Q2;брой лица в хиляди;(0.9);
Жени;65  и повече;2018Q3;брой лица в хиляди;(1.1);
Жени;65  и повече;2018Q4;брой лица в хиляди;(0.8);
Жени;65  и повече;2019Q1;брой лица в хиляди;(0.5);
Жени;65  и повече;2019Q2;брой лица в хиляди;(0.8);
Жени;65  и повече;2019Q3;брой лица в хиляди;(0.9);
Жени;65  и повече;2019Q4;брой лица в хиляди;(1.5);
Жени;65  и повече;2020Q1;брой лица в хиляди;(1.6);
