0;0;2008;левове;6716;
0;0;2009;левове;7492;
0;0;2010;левове;7954;
0;0;2011;левове;8390;
0;0;2012;левове;8910;
0;0;2013;левове;9427;
0;0;2014;левове;9986;
0;0;2015;левове;10657;
0;0;2016;левове;11492;
0;0;2017;левове;12570;
0;0;2018;левове;13872;
0;1;2008;левове;18354;
0;1;2009;левове;20619;
0;1;2010;левове;21528;
0;1;2011;левове;22994;
0;1;2012;левове;24672;
0;1;2013;левове;26478;
0;1;2014;левове;28601;
0;1;2015;левове;30319;
0;1;2016;левове;32786;
0;1;2017;левове;35777;
0;1;2018;левове;39162;
0;2;2008;левове;10767;
0;2;2009;левове;12019;
0;2;2010;левове;12452;
0;2;2011;левове;12547;
0;2;2012;левове;13217;
0;2;2013;левове;14082;
0;2;2014;левове;14836;
0;2;2015;левове;15769;
0;2;2016;левове;17035;
0;2;2017;левове;18641;
0;2;2018;левове;20633;
0;3;2008;левове;8356;
0;3;2009;левове;9123;
0;3;2010;левове;9559;
0;3;2011;левове;10500;
0;3;2012;левове;11132;
0;3;2013;левове;11708;
0;3;2014;левове;12230;
0;3;2015;левове;13028;
0;3;2016;левове;13858;
0;3;2017;левове;15012;
0;3;2018;левове;16412;
0;4;2008;левове;5750;
0;4;2009;левове;6226;
0;4;2010;левове;6515;
0;4;2011;левове;6771;
0;4;2012;левове;7063;
0;4;2013;левове;7443;
0;4;2014;левове;7892;
0;4;2015;левове;8366;
0;4;2016;левове;8985;
0;4;2017;левове;9793;
0;4;2018;левове;10799;
0;5;2008;левове;3941;
0;5;2009;левове;4383;
0;5;2010;левове;4661;
0;5;2011;левове;4891;
0;5;2012;левове;5284;
0;5;2013;левове;5500;
0;5;2014;левове;5760;
0;5;2015;левове;6224;
0;5;2016;левове;6757;
0;5;2017;левове;7263;
0;5;2018;левове;7994;
0;6;2008;левове;4125;
0;6;2009;левове;4726;
0;6;2010;левове;5045;
0;6;2011;левове;5443;
0;6;2012;левове;5762;
0;6;2013;левове;6762;
0;6;2014;левове;7344;
0;6;2015;левове;7639;
0;6;2016;левове;8061;
0;6;2017;левове;8832;
0;6;2018;левове;9237;
0;7;2008;левове;5855;
0;7;2009;левове;6446;
0;7;2010;левове;6707;
0;7;2011;левове;6977;
0;7;2012;левове;7292;
0;7;2013;левове;7645;
0;7;2014;левове;8139;
0;7;2015;левове;8658;
0;7;2016;левове;9285;
0;7;2017;левове;10121;
0;7;2018;левове;11017;
0;8;2008;левове;5763;
0;8;2009;левове;6255;
0;8;2010;левове;6590;
0;8;2011;левове;6706;
0;8;2012;левове;6977;
0;8;2013;левове;7248;
0;8;2014;левове;7519;
0;8;2015;левове;8004;
0;8;2016;левове;8544;
0;8;2017;левове;9316;
0;8;2018;левове;10147;
0;9;2008;левове;3652;
0;9;2009;левове;4064;
0;9;2010;левове;4264;
0;9;2011;левове;4444;
0;9;2012;левове;4698;
0;9;2013;левове;4962;
0;9;2014;левове;5265;
0;9;2015;левове;5675;
0;9;2016;левове;6201;
0;9;2017;левове;6776;
0;9;2018;левове;7528;
A;0;2008;левове;4777;
A;0;2009;левове;5325;
A;0;2010;левове;5800;
A;0;2011;левове;6418;
A;0;2012;левове;7242;
A;0;2013;левове;7748;
A;0;2014;левове;8055;
A;0;2015;левове;8786;
A;0;2016;левове;9345;
A;0;2017;левове;10103;
A;0;2018;левове;10982;
A;1;2008;левове;9383;
A;1;2009;левове;10705;
A;1;2010;левове;11994;
A;1;2011;левове;14407;
A;1;2012;левове;17847;
A;1;2013;левове;20008;
A;1;2014;левове;20307;
A;1;2015;левове;22275;
A;1;2016;левове;23783;
A;1;2017;левове;26785;
A;1;2018;левове;28357;
A;2;2008;левове;6712;
A;2;2009;левове;7495;
A;2;2010;левове;8035;
A;2;2011;левове;9013;
A;2;2012;левове;10577;
A;2;2013;левове;11212;
A;2;2014;левове;11709;
A;2;2015;левове;12745;
A;2;2016;левове;13676;
A;2;2017;левове;14505;
A;2;2018;левове;15792;
A;3;2008;левове;5664;
A;3;2009;левове;6295;
A;3;2010;левове;6878;
A;3;2011;левове;7649;
A;3;2012;левове;8875;
A;3;2013;левове;9385;
A;3;2014;левове;9794;
A;3;2015;левове;10649;
A;3;2016;левове;11483;
A;3;2017;левове;12723;
A;3;2018;левове;13886;
A;4;2008;левове;4985;
A;4;2009;левове;5576;
A;4;2010;левове;5865;
A;4;2011;левове;6269;
A;4;2012;левове;7068;
A;4;2013;левове;7464;
A;4;2014;левове;7722;
A;4;2015;левове;8295;
A;4;2016;левове;8894;
A;4;2017;левове;9271;
A;4;2018;левове;10119;
A;5;2008;левове;4740;
A;5;2009;левове;5033;
A;5;2010;левове;5297;
A;5;2011;левове;6044;
A;5;2012;левове;7278;
A;5;2013;левове;7521;
A;5;2014;левове;7710;
A;5;2015;левове;8472;
A;5;2016;левове;8934;
A;5;2017;левове;9349;
A;5;2018;левове;10349;
A;6;2008;левове;4225;
A;6;2009;левове;4843;
A;6;2010;левове;5257;
A;6;2011;левове;5803;
A;6;2012;левове;6243;
A;6;2013;левове;6581;
A;6;2014;левове;6903;
A;6;2015;левове;7310;
A;6;2016;левове;7900;
A;6;2017;левове;8331;
A;6;2018;левове;9208;
A;7;2008;левове;4860;
A;7;2009;левове;5580;
A;7;2010;левове;5732;
A;7;2011;левове;6233;
A;7;2012;левове;6813;
A;7;2013;левове;7365;
A;7;2014;левове;7827;
A;7;2015;левове;8657;
A;7;2016;левове;9066;
A;7;2017;левове;10220;
A;7;2018;левове;11304;
A;8;2008;левове;5082;
A;8;2009;левове;5702;
A;8;2010;левове;6323;
A;8;2011;левове;6994;
A;8;2012;левове;7651;
A;8;2013;левове;8424;
A;8;2014;левове;8830;
A;8;2015;левове;9761;
A;8;2016;левове;10167;
A;8;2017;левове;10654;
A;8;2018;левове;11252;
A;9;2008;левове;3469;
A;9;2009;левове;3641;
A;9;2010;левове;3850;
A;9;2011;левове;4101;
A;9;2012;левове;4457;
A;9;2013;левове;4677;
A;9;2014;левове;4897;
A;9;2015;левове;5364;
A;9;2016;левове;5865;
A;9;2017;левове;6438;
A;9;2018;левове;7137;
B;0;2008;левове;10165;
B;0;2009;левове;11267;
B;0;2010;левове;12341;
B;0;2011;левове;13808;
B;0;2012;левове;14847;
B;0;2013;левове;14944;
B;0;2014;левове;15943;
B;0;2015;левове;16195;
B;0;2016;левове;16680;
B;0;2017;левове;18469;
B;0;2018;левове;20094;
B;1;2008;левове;18391;
B;1;2009;левове;20253;
B;1;2010;левове;22956;
B;1;2011;левове;27745;
B;1;2012;левове;34816;
B;1;2013;левове;33908;
B;1;2014;левове;37613;
B;1;2015;левове;36960;
B;1;2016;левове;37724;
B;1;2017;левове;42383;
B;1;2018;левове;42872;
B;2;2008;левове;14982;
B;2;2009;левове;15760;
B;2;2010;левове;17408;
B;2;2011;левове;19171;
B;2;2012;левове;20635;
B;2;2013;левове;21374;
B;2;2014;левове;22596;
B;2;2015;левове;22957;
B;2;2016;левове;23189;
B;2;2017;левове;24758;
B;2;2018;левове;27265;
B;3;2008;левове;11621;
B;3;2009;левове;12282;
B;3;2010;левове;13063;
B;3;2011;левове;16409;
B;3;2012;левове;17691;
B;3;2013;левове;17668;
B;3;2014;левове;19216;
B;3;2015;левове;19542;
B;3;2016;левове;20024;
B;3;2017;левове;22168;
B;3;2018;левове;23665;
B;4;2008;левове;7726;
B;4;2009;левове;8339;
B;4;2010;левове;8951;
B;4;2011;левове;9761;
B;4;2012;левове;10589;
B;4;2013;левове;10681;
B;4;2014;левове;11393;
B;4;2015;левове;11569;
B;4;2016;левове;11788;
B;4;2017;левове;12910;
B;4;2018;левове;14078;
B;5;2008;левове;5673;
B;5;2009;левове;6105;
B;5;2010;левове;6536;
B;5;2011;левове;7490;
B;5;2012;левове;7740;
B;5;2013;левове;7996;
B;5;2014;левове;8605;
B;5;2015;левове;8838;
B;5;2016;левове;9955;
B;5;2017;левове;11522;
B;5;2018;левове;12682;
B;6;2008;левове;4438;
B;6;2009;левове;2313;
B;6;2010;левове;7532;
B;6;2011;левове;10073;
B;6;2012;левове;9096;
B;6;2013;левове;5785;
B;6;2014;левове;11403;
B;6;2015;левове;13400;
B;6;2016;левове;11604;
B;6;2017;левове;8475;
B;6;2018;левове;17187;
B;7;2008;левове;10115;
B;7;2009;левове;10883;
B;7;2010;левове;12174;
B;7;2011;левове;13934;
B;7;2012;левове;14886;
B;7;2013;левове;15038;
B;7;2014;левове;16057;
B;7;2015;левове;16300;
B;7;2016;левове;16917;
B;7;2017;левове;18575;
B;7;2018;левове;20061;
B;8;2008;левове;10226;
B;8;2009;левове;11579;
B;8;2010;левове;12491;
B;8;2011;левове;13985;
B;8;2012;левове;14714;
B;8;2013;левове;14708;
B;8;2014;левове;15362;
B;8;2015;левове;15756;
B;8;2016;левове;15997;
B;8;2017;левове;17676;
B;8;2018;левове;19308;
B;9;2008;левове;6041;
B;9;2009;левове;6952;
B;9;2010;левове;7353;
B;9;2011;левове;7803;
B;9;2012;левове;7989;
B;9;2013;левове;8175;
B;9;2014;левове;8855;
B;9;2015;левове;9292;
B;9;2016;левове;9823;
B;9;2017;левове;10962;
B;9;2018;левове;12190;
CA;0;2008;левове;5785;
CA;0;2009;левове;6560;
CA;0;2010;левове;7014;
CA;0;2011;левове;7319;
CA;0;2012;левове;7756;
CA;0;2013;левове;8022;
CA;0;2014;левове;8352;
CA;0;2015;левове;8832;
CA;0;2016;левове;9579;
CA;0;2017;левове;10374;
CA;0;2018;левове;11324;
CA;1;2008;левове;22850;
CA;1;2009;левове;26062;
CA;1;2010;левове;27830;
CA;1;2011;левове;29187;
CA;1;2012;левове;31323;
CA;1;2013;левове;33871;
CA;1;2014;левове;36786;
CA;1;2015;левове;38746;
CA;1;2016;левове;41319;
CA;1;2017;левове;45502;
CA;1;2018;левове;50905;
CA;2;2008;левове;11565;
CA;2;2009;левове;12460;
CA;2;2010;левове;13845;
CA;2;2011;левове;14268;
CA;2;2012;левове;15152;
CA;2;2013;левове;15555;
CA;2;2014;левове;16842;
CA;2;2015;левове;17476;
CA;2;2016;левове;18603;
CA;2;2017;левове;19986;
CA;2;2018;левове;21790;
CA;3;2008;левове;9201;
CA;3;2009;левове;9945;
CA;3;2010;левове;10635;
CA;3;2011;левове;11041;
CA;3;2012;левове;11815;
CA;3;2013;левове;12163;
CA;3;2014;левове;12717;
CA;3;2015;левове;13193;
CA;3;2016;левове;14095;
CA;3;2017;левове;14816;
CA;3;2018;левове;15785;
CA;4;2008;левове;5326;
CA;4;2009;левове;6068;
CA;4;2010;левове;6454;
CA;4;2011;левове;6768;
CA;4;2012;левове;7126;
CA;4;2013;левове;7100;
CA;4;2014;левове;7481;
CA;4;2015;левове;7836;
CA;4;2016;левове;8615;
CA;4;2017;левове;9256;
CA;4;2018;левове;10204;
CA;5;2008;левове;3435;
CA;5;2009;левове;4028;
CA;5;2010;левове;4266;
CA;5;2011;левове;4320;
CA;5;2012;левове;4414;
CA;5;2013;левове;4525;
CA;5;2014;левове;4735;
CA;5;2015;левове;5105;
CA;5;2016;левове;5655;
CA;5;2017;левове;6172;
CA;5;2018;левове;6845;
CA;6;2008;левове;3314;
CA;6;2009;левове;4212;
CA;6;2010;левове;5459;
CA;6;2011;левове;5189;
CA;6;2012;левове;5399;
CA;6;2013;левове;5565;
CA;6;2014;левове;5383;
CA;6;2015;левове;6300;
CA;6;2016;левове;6662;
CA;6;2017;левове;7244;
CA;6;2018;левове;7796;
CA;7;2008;левове;4810;
CA;7;2009;левове;5498;
CA;7;2010;левове;5925;
CA;7;2011;левове;6027;
CA;7;2012;левове;6288;
CA;7;2013;левове;6530;
CA;7;2014;левове;6913;
CA;7;2015;левове;7477;
CA;7;2016;левове;8175;
CA;7;2017;левове;8761;
CA;7;2018;левове;9433;
CA;8;2008;левове;6266;
CA;8;2009;левове;6913;
CA;8;2010;левове;7299;
CA;8;2011;левове;7805;
CA;8;2012;левове;8068;
CA;8;2013;левове;8335;
CA;8;2014;левове;8542;
CA;8;2015;левове;8875;
CA;8;2016;левове;9306;
CA;8;2017;левове;9923;
CA;8;2018;левове;10494;
CA;9;2008;левове;3630;
CA;9;2009;левове;4186;
CA;9;2010;левове;4430;
CA;9;2011;левове;4645;
CA;9;2012;левове;4877;
CA;9;2013;левове;5022;
CA;9;2014;левове;5152;
CA;9;2015;левове;5522;
CA;9;2016;левове;6045;
CA;9;2017;левове;6610;
CA;9;2018;левове;7332;
CB;0;2008;левове;3883;
CB;0;2009;левове;4213;
CB;0;2010;левове;4454;
CB;0;2011;левове;4794;
CB;0;2012;левове;5066;
CB;0;2013;левове;5490;
CB;0;2014;левове;5838;
CB;0;2015;левове;6337;
CB;0;2016;левове;6984;
CB;0;2017;левове;7675;
CB;0;2018;левове;8435;
CB;1;2008;левове;12707;
CB;1;2009;левове;13525;
CB;1;2010;левове;15889;
CB;1;2011;левове;17702;
CB;1;2012;левове;18896;
CB;1;2013;левове;22254;
CB;1;2014;левове;24976;
CB;1;2015;левове;28491;
CB;1;2016;левове;29945;
CB;1;2017;левове;33918;
CB;1;2018;левове;35509;
CB;2;2008;левове;6691;
CB;2;2009;левове;7256;
CB;2;2010;левове;7848;
CB;2;2011;левове;8225;
CB;2;2012;левове;9100;
CB;2;2013;левове;10269;
CB;2;2014;левове;11459;
CB;2;2015;левове;12782;
CB;2;2016;левове;13546;
CB;2;2017;левове;15318;
CB;2;2018;левове;16813;
CB;3;2008;левове;5757;
CB;3;2009;левове;6308;
CB;3;2010;левове;6597;
CB;3;2011;левове;7446;
CB;3;2012;левове;8191;
CB;3;2013;левове;8873;
CB;3;2014;левове;9467;
CB;3;2015;левове;9992;
CB;3;2016;левове;10830;
CB;3;2017;левове;12058;
CB;3;2018;левове;13021;
CB;4;2008;левове;4713;
CB;4;2009;левове;5025;
CB;4;2010;левове;5316;
CB;4;2011;левове;5545;
CB;4;2012;левове;5945;
CB;4;2013;левове;6370;
CB;4;2014;левове;6956;
CB;4;2015;левове;7391;
CB;4;2016;левове;7865;
CB;4;2017;левове;8794;
CB;4;2018;левове;9600;
CB;5;2008;левове;3279;
CB;5;2009;левове;3534;
CB;5;2010;левове;3713;
CB;5;2011;левове;3960;
CB;5;2012;левове;4042;
CB;5;2013;левове;4320;
CB;5;2014;левове;4672;
CB;5;2015;левове;5086;
CB;5;2016;левове;5747;
CB;5;2017;левове;6315;
CB;5;2018;левове;7036;
CB;6;2008;левове;3610;
CB;6;2009;левове;3401;
CB;6;2010;левове;4391;
CB;6;2011;левове;3576;
CB;6;2012;левове;3958;
CB;6;2013;левове;3768;
CB;6;2014;левове;4577;
CB;6;2015;левове;4744;
CB;6;2016;левове;5129;
CB;6;2017;левове;7226;
CB;6;2018;левове;5880;
CB;7;2008;левове;3632;
CB;7;2009;левове;3897;
CB;7;2010;левове;4143;
CB;7;2011;левове;4457;
CB;7;2012;левове;4777;
CB;7;2013;левове;5092;
CB;7;2014;левове;5384;
CB;7;2015;левове;5851;
CB;7;2016;левове;6455;
CB;7;2017;левове;6887;
CB;7;2018;левове;7534;
CB;8;2008;левове;3600;
CB;8;2009;левове;3952;
CB;8;2010;левове;4084;
CB;8;2011;левове;4432;
CB;8;2012;левове;4582;
CB;8;2013;левове;4988;
CB;8;2014;левове;5240;
CB;8;2015;левове;5626;
CB;8;2016;левове;6231;
CB;8;2017;левове;6818;
CB;8;2018;левове;7499;
CB;9;2008;левове;3211;
CB;9;2009;левове;3473;
CB;9;2010;левове;3562;
CB;9;2011;левове;3805;
CB;9;2012;левове;3994;
CB;9;2013;левове;4272;
CB;9;2014;левове;4557;
CB;9;2015;левове;4904;
CB;9;2016;левове;5579;
CB;9;2017;левове;6145;
CB;9;2018;левове;6810;
CC;0;2008;левове;5300;
CC;0;2009;левове;5610;
CC;0;2010;левове;5841;
CC;0;2011;левове;6083;
CC;0;2012;левове;6411;
CC;0;2013;левове;6830;
CC;0;2014;левове;7399;
CC;0;2015;левове;7993;
CC;0;2016;левове;8697;
CC;0;2017;левове;9706;
CC;0;2018;левове;10903;
CC;1;2008;левове;14493;
CC;1;2009;левове;15479;
CC;1;2010;левове;15779;
CC;1;2011;левове;16597;
CC;1;2012;левове;17706;
CC;1;2013;левове;19820;
CC;1;2014;левове;22666;
CC;1;2015;левове;24009;
CC;1;2016;левове;25640;
CC;1;2017;левове;30292;
CC;1;2018;левове;33509;
CC;2;2008;левове;8634;
CC;2;2009;левове;8718;
CC;2;2010;левове;8538;
CC;2;2011;левове;8833;
CC;2;2012;левове;9261;
CC;2;2013;левове;10305;
CC;2;2014;левове;11248;
CC;2;2015;левове;12604;
CC;2;2016;левове;13509;
CC;2;2017;левове;14753;
CC;2;2018;левове;16216;
CC;3;2008;левове;6816;
CC;3;2009;левове;6963;
CC;3;2010;левове;7716;
CC;3;2011;левове;8331;
CC;3;2012;левове;8684;
CC;3;2013;левове;9435;
CC;3;2014;левове;9995;
CC;3;2015;левове;10614;
CC;3;2016;левове;11047;
CC;3;2017;левове;12102;
CC;3;2018;левове;13640;
CC;4;2008;левове;5053;
CC;4;2009;левове;5297;
CC;4;2010;левове;5332;
CC;4;2011;левове;5531;
CC;4;2012;левове;5761;
CC;4;2013;левове;6295;
CC;4;2014;левове;6664;
CC;4;2015;левове;7316;
CC;4;2016;левове;7817;
CC;4;2017;левове;8829;
CC;4;2018;левове;9616;
CC;5;2008;левове;3422;
CC;5;2009;левове;4015;
CC;5;2010;левове;3918;
CC;5;2011;левове;3922;
CC;5;2012;левове;4232;
CC;5;2013;левове;4455;
CC;5;2014;левове;4734;
CC;5;2015;левове;5207;
CC;5;2016;левове;5835;
CC;5;2017;левове;6729;
CC;5;2018;левове;7390;
CC;6;2008;левове;3229;
CC;6;2009;левове;3155;
CC;6;2010;левове;3313;
CC;6;2011;левове;3197;
CC;6;2012;левове;4131;
CC;6;2013;левове;4045;
CC;6;2014;левове;4433;
CC;6;2015;левове;5579;
CC;6;2016;левове;4981;
CC;6;2017;левове;5624;
CC;6;2018;левове;5796;
CC;7;2008;левове;5203;
CC;7;2009;левове;5327;
CC;7;2010;левове;5458;
CC;7;2011;левове;6067;
CC;7;2012;левове;6248;
CC;7;2013;левове;6707;
CC;7;2014;левове;7180;
CC;7;2015;левове;7854;
CC;7;2016;левове;8558;
CC;7;2017;левове;9430;
CC;7;2018;левове;10326;
CC;8;2008;левове;5066;
CC;8;2009;левове;5229;
CC;8;2010;левове;5425;
CC;8;2011;левове;5515;
CC;8;2012;левове;5736;
CC;8;2013;левове;5849;
CC;8;2014;левове;6195;
CC;8;2015;левове;6702;
CC;8;2016;левове;7358;
CC;8;2017;левове;7959;
CC;8;2018;левове;9025;
CC;9;2008;левове;3205;
CC;9;2009;левове;3474;
CC;9;2010;левове;3542;
CC;9;2011;левове;3496;
CC;9;2012;левове;3822;
CC;9;2013;левове;4057;
CC;9;2014;левове;4405;
CC;9;2015;левове;4741;
CC;9;2016;левове;5337;
CC;9;2017;левове;5856;
CC;9;2018;левове;6545;
CD;0;2008;левове;21090;
CD;0;2009;левове;22062;
CD;0;2010;левове;23944;
CD;0;2011;левове;26309;
CD;0;2012;левове;28037;
CD;0;2013;левове;29416;
CD;0;2014;левове;29926;
CD;0;2015;левове;31714;
CD;0;2016;левове;33530;
CD;0;2017;левове;29598;
CD;0;2018;левове;30355;
CD;1;2008;левове;39576;
CD;1;2009;левове;43942;
CD;1;2010;левове;51610;
CD;1;2011;левове;52733;
CD;1;2012;левове;56388;
CD;1;2013;левове;63411;
CD;1;2014;левове;62341;
CD;1;2015;левове;70094;
CD;1;2016;левове;72036;
CD;1;2017;левове;65424;
CD;1;2018;левове;65321;
CD;2;2008;левове;24964;
CD;2;2009;левове;26759;
CD;2;2010;левове;29670;
CD;2;2011;левове;32896;
CD;2;2012;левове;34713;
CD;2;2013;левове;35461;
CD;2;2014;левове;37623;
CD;2;2015;левове;39119;
CD;2;2016;левове;41534;
CD;2;2017;левове;38888;
CD;2;2018;левове;40998;
CD;3;2008;левове;17924;
CD;3;2009;левове;19635;
CD;3;2010;левове;20750;
CD;3;2011;левове;25492;
CD;3;2012;левове;26019;
CD;3;2013;левове;27177;
CD;3;2014;левове;27817;
CD;3;2015;левове;28954;
CD;3;2016;левове;30195;
CD;3;2017;левове;30098;
CD;3;2018;левове;31050;
CD;4;2008;левове;14847;
CD;4;2009;левове;15408;
CD;4;2010;левове;16475;
CD;4;2011;левове;18492;
CD;4;2012;левове;19633;
CD;4;2013;левове;19130;
CD;4;2014;левове;18273;
CD;4;2015;левове;16956;
CD;4;2016;левове;17223;
CD;4;2017;левове;15769;
CD;4;2018;левове;15626;
CD;5;2008;левове;11639;
CD;5;2009;левове;10622;
CD;5;2010;левове;10464;
CD;5;2011;левове;9654;
CD;5;2012;левове;9966;
CD;5;2013;левове;9803;
CD;5;2014;левове;10363;
CD;5;2015;левове;10631;
CD;5;2016;левове;13513;
CD;5;2017;левове;7562;
CD;5;2018;левове;9798;
CD;6;2008;левове;-;
CD;6;2009;левове;-;
CD;6;2010;левове;3075;
CD;6;2011;левове;3147;
CD;6;2012;левове;3426;
CD;6;2013;левове;3770;
CD;6;2014;левове;4160;
CD;6;2015;левове;4533;
CD;6;2016;левове;5261;
CD;6;2017;левове;6698;
CD;6;2018;левове;7035;
CD;7;2008;левове;14614;
CD;7;2009;левове;15343;
CD;7;2010;левове;14004;
CD;7;2011;левове;13452;
CD;7;2012;левове;11751;
CD;7;2013;левове;10679;
CD;7;2014;левове;9914;
CD;7;2015;левове;10732;
CD;7;2016;левове;11169;
CD;7;2017;левове;10058;
CD;7;2018;левове;11586;
CD;8;2008;левове;19886;
CD;8;2009;левове;20116;
CD;8;2010;левове;21148;
CD;8;2011;левове;20392;
CD;8;2012;левове;20702;
CD;8;2013;левове;20699;
CD;8;2014;левове;20688;
CD;8;2015;левове;21303;
CD;8;2016;левове;22760;
CD;8;2017;левове;18715;
CD;8;2018;левове;19214;
CD;9;2008;левове;11170;
CD;9;2009;левове;11067;
CD;9;2010;левове;12091;
CD;9;2011;левове;12344;
CD;9;2012;левове;12391;
CD;9;2013;левове;11244;
CD;9;2014;левове;9734;
CD;9;2015;левове;9424;
CD;9;2016;левове;10241;
CD;9;2017;левове;10210;
CD;9;2018;левове;10273;
CE;0;2008;левове;8196;
CE;0;2009;левове;8122;
CE;0;2010;левове;8994;
CE;0;2011;левове;10081;
CE;0;2012;левове;10679;
CE;0;2013;левове;11525;
CE;0;2014;левове;11806;
CE;0;2015;левове;12503;
CE;0;2016;левове;13680;
CE;0;2017;левове;14972;
CE;0;2018;левове;16318;
CE;1;2008;левове;22857;
CE;1;2009;левове;20851;
CE;1;2010;левове;25851;
CE;1;2011;левове;31760;
CE;1;2012;левове;35176;
CE;1;2013;левове;38868;
CE;1;2014;левове;38398;
CE;1;2015;левове;38682;
CE;1;2016;левове;41858;
CE;1;2017;левове;47394;
CE;1;2018;левове;50536;
CE;2;2008;левове;13010;
CE;2;2009;левове;13699;
CE;2;2010;левове;13870;
CE;2;2011;левове;15936;
CE;2;2012;левове;16921;
CE;2;2013;левове;18067;
CE;2;2014;левове;18694;
CE;2;2015;левове;19662;
CE;2;2016;левове;21811;
CE;2;2017;левове;22816;
CE;2;2018;левове;24834;
CE;3;2008;левове;9019;
CE;3;2009;левове;9269;
CE;3;2010;левове;10122;
CE;3;2011;левове;10970;
CE;3;2012;левове;11405;
CE;3;2013;левове;12312;
CE;3;2014;левове;12605;
CE;3;2015;левове;13203;
CE;3;2016;левове;14572;
CE;3;2017;левове;15833;
CE;3;2018;левове;17265;
CE;4;2008;левове;6437;
CE;4;2009;левове;6168;
CE;4;2010;левове;6558;
CE;4;2011;левове;7181;
CE;4;2012;левове;7706;
CE;4;2013;левове;8127;
CE;4;2014;левове;8458;
CE;4;2015;левове;9063;
CE;4;2016;левове;10367;
CE;4;2017;левове;11230;
CE;4;2018;левове;12496;
CE;5;2008;левове;4209;
CE;5;2009;левове;4014;
CE;5;2010;левове;4261;
CE;5;2011;левове;4922;
CE;5;2012;левове;6706;
CE;5;2013;левове;7007;
CE;5;2014;левове;7242;
CE;5;2015;левове;7723;
CE;5;2016;левове;8187;
CE;5;2017;левове;8161;
CE;5;2018;левове;9470;
CE;6;2008;левове;3272;
CE;6;2009;левове;3258;
CE;6;2010;левове;6214;
CE;6;2011;левове;7710;
CE;6;2012;левове;4556;
CE;6;2013;левове;3857;
CE;6;2014;левове;5274;
CE;6;2015;левове;6829;
CE;6;2016;левове;5217;
CE;6;2017;левове;6766;
CE;6;2018;левове;6324;
CE;7;2008;левове;8480;
CE;7;2009;левове;7933;
CE;7;2010;левове;8390;
CE;7;2011;левове;9662;
CE;7;2012;левове;10048;
CE;7;2013;левове;10826;
CE;7;2014;левове;10975;
CE;7;2015;левове;11286;
CE;7;2016;левове;12583;
CE;7;2017;левове;13340;
CE;7;2018;левове;14923;
CE;8;2008;левове;7661;
CE;8;2009;левове;7249;
CE;8;2010;левове;7925;
CE;8;2011;левове;9041;
CE;8;2012;левове;9091;
CE;8;2013;левове;9602;
CE;8;2014;левове;9976;
CE;8;2015;левове;10512;
CE;8;2016;левове;11397;
CE;8;2017;левове;12246;
CE;8;2018;левове;13299;
CE;9;2008;левове;4070;
CE;9;2009;левове;4424;
CE;9;2010;левове;4683;
CE;9;2011;левове;4868;
CE;9;2012;левове;5043;
CE;9;2013;левове;5440;
CE;9;2014;левове;5614;
CE;9;2015;левове;6236;
CE;9;2016;левове;6891;
CE;9;2017;левове;7832;
CE;9;2018;левове;8441;
CF;0;2008;левове;8908;
CF;0;2009;левове;9468;
CF;0;2010;левове;10090;
CF;0;2011;левове;10341;
CF;0;2012;левове;10812;
CF;0;2013;левове;11500;
CF;0;2014;левове;11921;
CF;0;2015;левове;12668;
CF;0;2016;левове;13087;
CF;0;2017;левове;14167;
CF;0;2018;левове;14943;
CF;1;2008;левове;21133;
CF;1;2009;левове;21952;
CF;1;2010;левове;25153;
CF;1;2011;левове;27930;
CF;1;2012;левове;26915;
CF;1;2013;левове;29970;
CF;1;2014;левове;29348;
CF;1;2015;левове;33586;
CF;1;2016;левове;32571;
CF;1;2017;левове;35004;
CF;1;2018;левове;36769;
CF;2;2008;левове;10798;
CF;2;2009;левове;11893;
CF;2;2010;левове;12308;
CF;2;2011;левове;12885;
CF;2;2012;левове;14254;
CF;2;2013;левове;14977;
CF;2;2014;левове;15564;
CF;2;2015;левове;16518;
CF;2;2016;левове;16890;
CF;2;2017;левове;17935;
CF;2;2018;левове;18612;
CF;3;2008;левове;9991;
CF;3;2009;левове;10540;
CF;3;2010;левове;10967;
CF;3;2011;левове;10405;
CF;3;2012;левове;11147;
CF;3;2013;левове;12116;
CF;3;2014;левове;12531;
CF;3;2015;левове;13363;
CF;3;2016;левове;13572;
CF;3;2017;левове;14654;
CF;3;2018;левове;15417;
CF;4;2008;левове;7875;
CF;4;2009;левове;8772;
CF;4;2010;левове;9385;
CF;4;2011;левове;9262;
CF;4;2012;левове;9702;
CF;4;2013;левове;10188;
CF;4;2014;левове;10878;
CF;4;2015;левове;11458;
CF;4;2016;левове;11880;
CF;4;2017;левове;12798;
CF;4;2018;левове;13657;
CF;5;2008;левове;5409;
CF;5;2009;левове;5607;
CF;5;2010;левове;5526;
CF;5;2011;левове;5634;
CF;5;2012;левове;5975;
CF;5;2013;левове;6612;
CF;5;2014;левове;7311;
CF;5;2015;левове;8000;
CF;5;2016;левове;8391;
CF;5;2017;левове;8783;
CF;5;2018;левове;9849;
CF;6;2008;левове;5131;
CF;6;2009;левове;6339;
CF;6;2010;левове;6134;
CF;6;2011;левове;4765;
CF;6;2012;левове;6365;
CF;6;2013;левове;6089;
CF;6;2014;левове;5648;
CF;6;2015;левове;5379;
CF;6;2016;левове;5318;
CF;6;2017;левове;5331;
CF;6;2018;левове;6133;
CF;7;2008;левове;7489;
CF;7;2009;левове;7707;
CF;7;2010;левове;8179;
CF;7;2011;левове;8178;
CF;7;2012;левове;8829;
CF;7;2013;левове;9134;
CF;7;2014;левове;9621;
CF;7;2015;левове;10204;
CF;7;2016;левове;10717;
CF;7;2017;левове;11463;
CF;7;2018;левове;12012;
CF;8;2008;левове;7337;
CF;8;2009;левове;7433;
CF;8;2010;левове;7965;
CF;8;2011;левове;8284;
CF;8;2012;левове;8370;
CF;8;2013;левове;8658;
CF;8;2014;левове;8890;
CF;8;2015;левове;9194;
CF;8;2016;левове;9777;
CF;8;2017;левове;10745;
CF;8;2018;левове;11287;
CF;9;2008;левове;5250;
CF;9;2009;левове;5370;
CF;9;2010;левове;5484;
CF;9;2011;левове;5598;
CF;9;2012;левове;5921;
CF;9;2013;левове;5919;
CF;9;2014;левове;6428;
CF;9;2015;левове;6573;
CF;9;2016;левове;6727;
CF;9;2017;левове;8065;
CF;9;2018;левове;8264;
CG;0;2008;левове;5886;
CG;0;2009;левове;6534;
CG;0;2010;левове;7045;
CG;0;2011;левове;7326;
CG;0;2012;левове;7712;
CG;0;2013;левове;8093;
CG;0;2014;левове;8608;
CG;0;2015;левове;9529;
CG;0;2016;левове;10348;
CG;0;2017;левове;11454;
CG;0;2018;левове;12360;
CG;1;2008;левове;15961;
CG;1;2009;левове;17586;
CG;1;2010;левове;18117;
CG;1;2011;левове;20500;
CG;1;2012;левове;21948;
CG;1;2013;левове;23514;
CG;1;2014;левове;26979;
CG;1;2015;левове;31465;
CG;1;2016;левове;33839;
CG;1;2017;левове;37408;
CG;1;2018;левове;35649;
CG;2;2008;левове;9589;
CG;2;2009;левове;9918;
CG;2;2010;левове;10742;
CG;2;2011;левове;11079;
CG;2;2012;левове;11952;
CG;2;2013;левове;12685;
CG;2;2014;левове;13221;
CG;2;2015;левове;14765;
CG;2;2016;левове;16033;
CG;2;2017;левове;17371;
CG;2;2018;левове;18972;
CG;3;2008;левове;7129;
CG;3;2009;левове;7700;
CG;3;2010;левове;8255;
CG;3;2011;левове;8779;
CG;3;2012;левове;9427;
CG;3;2013;левове;10106;
CG;3;2014;левове;10771;
CG;3;2015;левове;11968;
CG;3;2016;левове;13186;
CG;3;2017;левове;14484;
CG;3;2018;левове;15542;
CG;4;2008;левове;4902;
CG;4;2009;левове;5652;
CG;4;2010;левове;5880;
CG;4;2011;левове;6003;
CG;4;2012;левове;6509;
CG;4;2013;левове;6725;
CG;4;2014;левове;6917;
CG;4;2015;левове;7486;
CG;4;2016;левове;8296;
CG;4;2017;левове;9163;
CG;4;2018;левове;10253;
CG;5;2008;левове;3787;
CG;5;2009;левове;3969;
CG;5;2010;левове;4208;
CG;5;2011;левове;4225;
CG;5;2012;левове;4512;
CG;5;2013;левове;4705;
CG;5;2014;левове;4903;
CG;5;2015;левове;5644;
CG;5;2016;левове;6355;
CG;5;2017;левове;6796;
CG;5;2018;левове;7554;
CG;6;2008;левове;3789;
CG;6;2009;левове;4861;
CG;6;2010;левове;3231;
CG;6;2011;левове;4335;
CG;6;2012;левове;4738;
CG;6;2013;левове;4839;
CG;6;2014;левове;5155;
CG;6;2015;левове;5410;
CG;6;2016;левове;6020;
CG;6;2017;левове;7339;
CG;6;2018;левове;7369;
CG;7;2008;левове;5962;
CG;7;2009;левове;6261;
CG;7;2010;левове;6693;
CG;7;2011;левове;6827;
CG;7;2012;левове;7075;
CG;7;2013;левове;7518;
CG;7;2014;левове;8018;
CG;7;2015;левове;8442;
CG;7;2016;левове;9053;
CG;7;2017;левове;10219;
CG;7;2018;левове;11128;
CG;8;2008;левове;5388;
CG;8;2009;левове;5953;
CG;8;2010;левове;6387;
CG;8;2011;левове;6496;
CG;8;2012;левове;6710;
CG;8;2013;левове;6913;
CG;8;2014;левове;7325;
CG;8;2015;левове;8223;
CG;8;2016;левове;9007;
CG;8;2017;левове;10054;
CG;8;2018;левове;11236;
CG;9;2008;левове;3759;
CG;9;2009;левове;4180;
CG;9;2010;левове;4409;
CG;9;2011;левове;4652;
CG;9;2012;левове;4821;
CG;9;2013;левове;5246;
CG;9;2014;левове;5532;
CG;9;2015;левове;5832;
CG;9;2016;левове;6597;
CG;9;2017;левове;7260;
CG;9;2018;левове;8145;
CH;0;2008;левове;7015;
CH;0;2009;левове;7021;
CH;0;2010;левове;7349;
CH;0;2011;левове;7603;
CH;0;2012;левове;8039;
CH;0;2013;левове;8629;
CH;0;2014;левове;9351;
CH;0;2015;левове;9998;
CH;0;2016;левове;11393;
CH;0;2017;левове;12707;
CH;0;2018;левове;13599;
CH;1;2008;левове;16691;
CH;1;2009;левове;16155;
CH;1;2010;левове;17105;
CH;1;2011;левове;18519;
CH;1;2012;левове;21001;
CH;1;2013;левове;22915;
CH;1;2014;левове;27882;
CH;1;2015;левове;28759;
CH;1;2016;левове;34994;
CH;1;2017;левове;39396;
CH;1;2018;левове;42539;
CH;2;2008;левове;9217;
CH;2;2009;левове;9397;
CH;2;2010;левове;9955;
CH;2;2011;левове;10349;
CH;2;2012;левове;11253;
CH;2;2013;левове;11852;
CH;2;2014;левове;12761;
CH;2;2015;левове;13735;
CH;2;2016;левове;15141;
CH;2;2017;левове;17131;
CH;2;2018;левове;18901;
CH;3;2008;левове;7632;
CH;3;2009;левове;7808;
CH;3;2010;левове;8246;
CH;3;2011;левове;9043;
CH;3;2012;левове;9739;
CH;3;2013;левове;10327;
CH;3;2014;левове;11144;
CH;3;2015;левове;12215;
CH;3;2016;левове;13559;
CH;3;2017;левове;14715;
CH;3;2018;левове;16005;
CH;4;2008;левове;6011;
CH;4;2009;левове;5676;
CH;4;2010;левове;5781;
CH;4;2011;левове;6210;
CH;4;2012;левове;6394;
CH;4;2013;левове;6856;
CH;4;2014;левове;7193;
CH;4;2015;левове;7838;
CH;4;2016;левове;8632;
CH;4;2017;левове;9610;
CH;4;2018;левове;10604;
CH;5;2008;левове;4340;
CH;5;2009;левове;5403;
CH;5;2010;левове;7301;
CH;5;2011;левове;5660;
CH;5;2012;левове;5096;
CH;5;2013;левове;5409;
CH;5;2014;левове;5526;
CH;5;2015;левове;6100;
CH;5;2016;левове;7551;
CH;5;2017;левове;8515;
CH;5;2018;левове;9071;
CH;6;2008;левове;3979;
CH;6;2009;левове;4197;
CH;6;2010;левове;4147;
CH;6;2011;левове;4016;
CH;6;2012;левове;5310;
CH;6;2013;левове;5279;
CH;6;2014;левове;5061;
CH;6;2015;левове;5487;
CH;6;2016;левове;6985;
CH;6;2017;левове;6742;
CH;6;2018;левове;9614;
CH;7;2008;левове;6758;
CH;7;2009;левове;6613;
CH;7;2010;левове;6815;
CH;7;2011;левове;6909;
CH;7;2012;левове;7074;
CH;7;2013;левове;7640;
CH;7;2014;левове;8173;
CH;7;2015;левове;8877;
CH;7;2016;левове;10013;
CH;7;2017;левове;11190;
CH;7;2018;левове;11901;
CH;8;2008;левове;6612;
CH;8;2009;левове;6472;
CH;8;2010;левове;6608;
CH;8;2011;левове;6906;
CH;8;2012;левове;7172;
CH;8;2013;левове;7583;
CH;8;2014;левове;8122;
CH;8;2015;левове;8700;
CH;8;2016;левове;10025;
CH;8;2017;левове;11440;
CH;8;2018;левове;11395;
CH;9;2008;левове;4013;
CH;9;2009;левове;4022;
CH;9;2010;левове;4218;
CH;9;2011;левове;4311;
CH;9;2012;левове;4795;
CH;9;2013;левове;4930;
CH;9;2014;левове;5377;
CH;9;2015;левове;5885;
CH;9;2016;левове;6786;
CH;9;2017;левове;7589;
CH;9;2018;левове;8176;
CI;0;2008;левове;7457;
CI;0;2009;левове;7873;
CI;0;2010;левове;8842;
CI;0;2011;левове;9713;
CI;0;2012;левове;11078;
CI;0;2013;левове;11765;
CI;0;2014;левове;12769;
CI;0;2015;левове;14236;
CI;0;2016;левове;15533;
CI;0;2017;левове;16977;
CI;0;2018;левове;18441;
CI;1;2008;левове;17713;
CI;1;2009;левове;20352;
CI;1;2010;левове;23910;
CI;1;2011;левове;26125;
CI;1;2012;левове;30833;
CI;1;2013;левове;31033;
CI;1;2014;левове;35429;
CI;1;2015;левове;42906;
CI;1;2016;левове;44773;
CI;1;2017;левове;52215;
CI;1;2018;левове;57465;
CI;2;2008;левове;11454;
CI;2;2009;левове;11363;
CI;2;2010;левове;13951;
CI;2;2011;левове;15998;
CI;2;2012;левове;17928;
CI;2;2013;левове;19319;
CI;2;2014;левове;21168;
CI;2;2015;левове;22539;
CI;2;2016;левове;24364;
CI;2;2017;левове;26980;
CI;2;2018;левове;28625;
CI;3;2008;левове;7507;
CI;3;2009;левове;7399;
CI;3;2010;левове;8336;
CI;3;2011;левове;9898;
CI;3;2012;левове;11215;
CI;3;2013;левове;11694;
CI;3;2014;левове;11803;
CI;3;2015;левове;13048;
CI;3;2016;левове;15219;
CI;3;2017;левове;16339;
CI;3;2018;левове;17713;
CI;4;2008;левове;5901;
CI;4;2009;левове;6181;
CI;4;2010;левове;7439;
CI;4;2011;левове;7422;
CI;4;2012;левове;8166;
CI;4;2013;левове;8324;
CI;4;2014;левове;9062;
CI;4;2015;левове;9452;
CI;4;2016;левове;10539;
CI;4;2017;левове;11682;
CI;4;2018;левове;12911;
CI;5;2008;левове;4488;
CI;5;2009;левове;6768;
CI;5;2010;левове;5378;
CI;5;2011;левове;5348;
CI;5;2012;левове;4786;
CI;5;2013;левове;4937;
CI;5;2014;левове;5356;
CI;5;2015;левове;6968;
CI;5;2016;левове;7756;
CI;5;2017;левове;8993;
CI;5;2018;левове;10178;
CI;6;2008;левове;4818;
CI;6;2009;левове;4517;
CI;6;2010;левове;6556;
CI;6;2011;левове;4647;
CI;6;2012;левове;7713;
CI;6;2013;левове;8366;
CI;6;2014;левове;4910;
CI;6;2015;левове;10082;
CI;6;2016;левове;8571;
CI;6;2017;левове;11648;
CI;6;2018;левове;12372;
CI;7;2008;левове;6230;
CI;7;2009;левове;6639;
CI;7;2010;левове;7226;
CI;7;2011;левове;7329;
CI;7;2012;левове;8602;
CI;7;2013;левове;9004;
CI;7;2014;левове;9280;
CI;7;2015;левове;9932;
CI;7;2016;левове;10995;
CI;7;2017;левове;11448;
CI;7;2018;левове;12218;
CI;8;2008;левове;6344;
CI;8;2009;левове;6412;
CI;8;2010;левове;6886;
CI;8;2011;левове;7376;
CI;8;2012;левове;8124;
CI;8;2013;левове;8548;
CI;8;2014;левове;8777;
CI;8;2015;левове;9229;
CI;8;2016;левове;10204;
CI;8;2017;левове;10519;
CI;8;2018;левове;11416;
CI;9;2008;левове;4318;
CI;9;2009;левове;4772;
CI;9;2010;левове;4578;
CI;9;2011;левове;4969;
CI;9;2012;левове;5489;
CI;9;2013;левове;5749;
CI;9;2014;левове;5991;
CI;9;2015;левове;6690;
CI;9;2016;левове;7066;
CI;9;2017;левове;8103;
CI;9;2018;левове;9450;
CJ;0;2008;левове;7141;
CJ;0;2009;левове;7294;
CJ;0;2010;левове;8357;
CJ;0;2011;левове;9119;
CJ;0;2012;левове;9917;
CJ;0;2013;левове;10734;
CJ;0;2014;левове;11204;
CJ;0;2015;левове;12535;
CJ;0;2016;левове;13288;
CJ;0;2017;левове;14773;
CJ;0;2018;левове;15645;
CJ;1;2008;левове;19095;
CJ;1;2009;левове;19273;
CJ;1;2010;левове;23571;
CJ;1;2011;левове;26108;
CJ;1;2012;левове;32955;
CJ;1;2013;левове;35682;
CJ;1;2014;левове;37086;
CJ;1;2015;левове;44505;
CJ;1;2016;левове;46845;
CJ;1;2017;левове;50917;
CJ;1;2018;левове;49276;
CJ;2;2008;левове;10277;
CJ;2;2009;левове;11223;
CJ;2;2010;левове;13482;
CJ;2;2011;левове;13566;
CJ;2;2012;левове;15484;
CJ;2;2013;левове;17679;
CJ;2;2014;левове;18785;
CJ;2;2015;левове;21981;
CJ;2;2016;левове;22189;
CJ;2;2017;левове;23982;
CJ;2;2018;левове;26768;
CJ;3;2008;левове;8209;
CJ;3;2009;левове;8835;
CJ;3;2010;левове;10451;
CJ;3;2011;левове;11085;
CJ;3;2012;левове;11748;
CJ;3;2013;левове;12186;
CJ;3;2014;левове;12669;
CJ;3;2015;левове;14865;
CJ;3;2016;левове;15164;
CJ;3;2017;левове;16520;
CJ;3;2018;левове;18144;
CJ;4;2008;левове;5891;
CJ;4;2009;левове;6082;
CJ;4;2010;левове;6923;
CJ;4;2011;левове;7599;
CJ;4;2012;левове;7706;
CJ;4;2013;левове;8293;
CJ;4;2014;левове;9485;
CJ;4;2015;левове;9934;
CJ;4;2016;левове;10562;
CJ;4;2017;левове;11662;
CJ;4;2018;левове;13260;
CJ;5;2008;левове;4801;
CJ;5;2009;левове;4826;
CJ;5;2010;левове;5517;
CJ;5;2011;левове;5566;
CJ;5;2012;левове;5609;
CJ;5;2013;левове;5984;
CJ;5;2014;левове;7088;
CJ;5;2015;левове;6959;
CJ;5;2016;левове;7460;
CJ;5;2017;левове;8470;
CJ;5;2018;левове;8564;
CJ;6;2008;левове;4141;
CJ;6;2009;левове;4401;
CJ;6;2010;левове;3848;
CJ;6;2011;левове;-;
CJ;6;2012;левове;4821;
CJ;6;2013;левове;5349;
CJ;6;2014;левове;4691;
CJ;6;2015;левове;7332;
CJ;6;2016;левове;6752;
CJ;6;2017;левове;6864;
CJ;6;2018;левове;15699;
CJ;7;2008;левове;6741;
CJ;7;2009;левове;6766;
CJ;7;2010;левове;7323;
CJ;7;2011;левове;8183;
CJ;7;2012;левове;8438;
CJ;7;2013;левове;8685;
CJ;7;2014;левове;9221;
CJ;7;2015;левове;9823;
CJ;7;2016;левове;10676;
CJ;7;2017;левове;11963;
CJ;7;2018;левове;12964;
CJ;8;2008;левове;6348;
CJ;8;2009;левове;6521;
CJ;8;2010;левове;7414;
CJ;8;2011;левове;7995;
CJ;8;2012;левове;8063;
CJ;8;2013;левове;8631;
CJ;8;2014;левове;8333;
CJ;8;2015;левове;8892;
CJ;8;2016;левове;9651;
CJ;8;2017;левове;11109;
CJ;8;2018;левове;11764;
CJ;9;2008;левове;3784;
CJ;9;2009;левове;3617;
CJ;9;2010;левове;4312;
CJ;9;2011;левове;4349;
CJ;9;2012;левове;4890;
CJ;9;2013;левове;5373;
CJ;9;2014;левове;5976;
CJ;9;2015;левове;6324;
CJ;9;2016;левове;7145;
CJ;9;2017;левове;7886;
CJ;9;2018;левове;8575;
CK;0;2008;левове;7095;
CK;0;2009;левове;7025;
CK;0;2010;левове;8303;
CK;0;2011;левове;9281;
CK;0;2012;левове;9720;
CK;0;2013;левове;10327;
CK;0;2014;левове;11118;
CK;0;2015;левове;11858;
CK;0;2016;левове;12702;
CK;0;2017;левове;13989;
CK;0;2018;левове;15263;
CK;1;2008;левове;15325;
CK;1;2009;левове;14954;
CK;1;2010;левове;18159;
CK;1;2011;левове;20350;
CK;1;2012;левове;22134;
CK;1;2013;левове;23687;
CK;1;2014;левове;28126;
CK;1;2015;левове;29930;
CK;1;2016;левове;31932;
CK;1;2017;левове;34431;
CK;1;2018;левове;38953;
CK;2;2008;левове;8356;
CK;2;2009;левове;9203;
CK;2;2010;левове;9960;
CK;2;2011;левове;11306;
CK;2;2012;левове;11812;
CK;2;2013;левове;12966;
CK;2;2014;левове;13759;
CK;2;2015;левове;14729;
CK;2;2016;левове;15733;
CK;2;2017;левове;17970;
CK;2;2018;левове;20029;
CK;3;2008;левове;7083;
CK;3;2009;левове;7232;
CK;3;2010;левове;8407;
CK;3;2011;левове;9579;
CK;3;2012;левове;10422;
CK;3;2013;левове;11257;
CK;3;2014;левове;12053;
CK;3;2015;левове;12906;
CK;3;2016;левове;13638;
CK;3;2017;левове;15038;
CK;3;2018;левове;16617;
CK;4;2008;левове;5683;
CK;4;2009;левове;5376;
CK;4;2010;левове;6450;
CK;4;2011;левове;7060;
CK;4;2012;левове;7576;
CK;4;2013;левове;8109;
CK;4;2014;левове;8482;
CK;4;2015;левове;9096;
CK;4;2016;левове;10155;
CK;4;2017;левове;11128;
CK;4;2018;левове;12158;
CK;5;2008;левове;4165;
CK;5;2009;левове;4585;
CK;5;2010;левове;4660;
CK;5;2011;левове;4913;
CK;5;2012;левове;5631;
CK;5;2013;левове;5833;
CK;5;2014;левове;6501;
CK;5;2015;левове;6774;
CK;5;2016;левове;7246;
CK;5;2017;левове;7779;
CK;5;2018;левове;8866;
CK;6;2008;левове;3998;
CK;6;2009;левове;4140;
CK;6;2010;левове;5536;
CK;6;2011;левове;6423;
CK;6;2012;левове;4391;
CK;6;2013;левове;6233;
CK;6;2014;левове;6584;
CK;6;2015;левове;6329;
CK;6;2016;левове;7056;
CK;6;2017;левове;6459;
CK;6;2018;левове;8869;
CK;7;2008;левове;6599;
CK;7;2009;левове;6381;
CK;7;2010;левове;7575;
CK;7;2011;левове;8635;
CK;7;2012;левове;8832;
CK;7;2013;левове;9229;
CK;7;2014;левове;9680;
CK;7;2015;левове;10358;
CK;7;2016;левове;11068;
CK;7;2017;левове;12140;
CK;7;2018;левове;12991;
CK;8;2008;левове;6928;
CK;8;2009;левове;6364;
CK;8;2010;левове;7489;
CK;8;2011;левове;8071;
CK;8;2012;левове;8678;
CK;8;2013;левове;9153;
CK;8;2014;левове;9843;
CK;8;2015;левове;10136;
CK;8;2016;левове;10952;
CK;8;2017;левове;12384;
CK;8;2018;левове;13437;
CK;9;2008;левове;4149;
CK;9;2009;левове;4150;
CK;9;2010;левове;4689;
CK;9;2011;левове;5467;
CK;9;2012;левове;5675;
CK;9;2013;левове;5966;
CK;9;2014;левове;6266;
CK;9;2015;левове;6782;
CK;9;2016;левове;7453;
CK;9;2017;левове;8285;
CK;9;2018;левове;8991;
CL;0;2008;левове;7063;
CL;0;2009;левове;7346;
CL;0;2010;левове;8068;
CL;0;2011;левове;7886;
CL;0;2012;левове;8299;
CL;0;2013;левове;8750;
CL;0;2014;левове;8609;
CL;0;2015;левове;9379;
CL;0;2016;левове;10167;
CL;0;2017;левове;11400;
CL;0;2018;левове;13314;
CL;1;2008;левове;19308;
CL;1;2009;левове;20774;
CL;1;2010;левове;25214;
CL;1;2011;левове;23297;
CL;1;2012;левове;30925;
CL;1;2013;левове;37143;
CL;1;2014;левове;43820;
CL;1;2015;левове;42973;
CL;1;2016;левове;42498;
CL;1;2017;левове;45881;
CL;1;2018;левове;50244;
CL;2;2008;левове;10716;
CL;2;2009;левове;12521;
CL;2;2010;левове;13418;
CL;2;2011;левове;14355;
CL;2;2012;левове;15787;
CL;2;2013;левове;17098;
CL;2;2014;левове;16686;
CL;2;2015;левове;16977;
CL;2;2016;левове;19047;
CL;2;2017;левове;21334;
CL;2;2018;левове;23873;
CL;3;2008;левове;8825;
CL;3;2009;левове;9335;
CL;3;2010;левове;9816;
CL;3;2011;левове;10355;
CL;3;2012;левове;11114;
CL;3;2013;левове;10916;
CL;3;2014;левове;10746;
CL;3;2015;левове;12356;
CL;3;2016;левове;13841;
CL;3;2017;левове;14923;
CL;3;2018;левове;16730;
CL;4;2008;левове;6046;
CL;4;2009;левове;7056;
CL;4;2010;левове;7152;
CL;4;2011;левове;7206;
CL;4;2012;левове;7179;
CL;4;2013;левове;7838;
CL;4;2014;левове;8566;
CL;4;2015;левове;9973;
CL;4;2016;левове;10385;
CL;4;2017;левове;11617;
CL;4;2018;левове;13099;
CL;5;2008;левове;3893;
CL;5;2009;левове;4856;
CL;5;2010;левове;4296;
CL;5;2011;левове;4442;
CL;5;2012;левове;5399;
CL;5;2013;левове;6293;
CL;5;2014;левове;6470;
CL;5;2015;левове;7553;
CL;5;2016;левове;7661;
CL;5;2017;левове;8745;
CL;5;2018;левове;10004;
CL;6;2008;левове;3786;
CL;6;2009;левове;3863;
CL;6;2010;левове;3028;
CL;6;2011;левове;4825;
CL;6;2012;левове;4182;
CL;6;2013;левове;8078;
CL;6;2014;левове;5876;
CL;6;2015;левове;9003;
CL;6;2016;левове;8300;
CL;6;2017;левове;14212;
CL;6;2018;левове;11708;
CL;7;2008;левове;8878;
CL;7;2009;левове;7516;
CL;7;2010;левове;8458;
CL;7;2011;левове;8394;
CL;7;2012;левове;9007;
CL;7;2013;левове;9016;
CL;7;2014;левове;8961;
CL;7;2015;левове;10232;
CL;7;2016;левове;11174;
CL;7;2017;левове;12821;
CL;7;2018;левове;15754;
CL;8;2008;левове;5495;
CL;8;2009;левове;5693;
CL;8;2010;левове;6939;
CL;8;2011;левове;7082;
CL;8;2012;левове;7092;
CL;8;2013;левове;7369;
CL;8;2014;левове;7251;
CL;8;2015;левове;7837;
CL;8;2016;левове;8494;
CL;8;2017;левове;9128;
CL;8;2018;левове;10505;
CL;9;2008;левове;3606;
CL;9;2009;левове;4227;
CL;9;2010;левове;4746;
CL;9;2011;левове;4598;
CL;9;2012;левове;4451;
CL;9;2013;левове;4995;
CL;9;2014;левове;5516;
CL;9;2015;левове;6630;
CL;9;2016;левове;7382;
CL;9;2017;левове;8054;
CL;9;2018;левове;9136;
CM;0;2008;левове;5752;
CM;0;2009;левове;6130;
CM;0;2010;левове;6364;
CM;0;2011;левове;6904;
CM;0;2012;левове;7407;
CM;0;2013;левове;8006;
CM;0;2014;левове;8505;
CM;0;2015;левове;9568;
CM;0;2016;левове;10480;
CM;0;2017;левове;11872;
CM;0;2018;левове;13249;
CM;1;2008;левове;14689;
CM;1;2009;левове;17944;
CM;1;2010;левове;15215;
CM;1;2011;левове;17631;
CM;1;2012;левове;18931;
CM;1;2013;левове;21173;
CM;1;2014;левове;22889;
CM;1;2015;левове;25637;
CM;1;2016;левове;28475;
CM;1;2017;левове;31905;
CM;1;2018;левове;36283;
CM;2;2008;левове;9374;
CM;2;2009;левове;11682;
CM;2;2010;левове;10018;
CM;2;2011;левове;11285;
CM;2;2012;левове;13414;
CM;2;2013;левове;14633;
CM;2;2014;левове;15907;
CM;2;2015;левове;17798;
CM;2;2016;левове;19046;
CM;2;2017;левове;21392;
CM;2;2018;левове;23637;
CM;3;2008;левове;6481;
CM;3;2009;левове;6806;
CM;3;2010;левове;7002;
CM;3;2011;левове;8641;
CM;3;2012;левове;9454;
CM;3;2013;левове;10566;
CM;3;2014;левове;10940;
CM;3;2015;левове;12398;
CM;3;2016;левове;13129;
CM;3;2017;левове;14989;
CM;3;2018;левове;16874;
CM;4;2008;левове;4828;
CM;4;2009;левове;4969;
CM;4;2010;левове;5289;
CM;4;2011;левове;5208;
CM;4;2012;левове;5707;
CM;4;2013;левове;6027;
CM;4;2014;левове;6564;
CM;4;2015;левове;7251;
CM;4;2016;левове;7914;
CM;4;2017;левове;8919;
CM;4;2018;левове;10918;
CM;5;2008;левове;3420;
CM;5;2009;левове;3597;
CM;5;2010;левове;3716;
CM;5;2011;левове;4094;
CM;5;2012;левове;4371;
CM;5;2013;левове;4626;
CM;5;2014;левове;5067;
CM;5;2015;левове;5277;
CM;5;2016;левове;5995;
CM;5;2017;левове;6771;
CM;5;2018;левове;7904;
CM;6;2008;левове;3560;
CM;6;2009;левове;3419;
CM;6;2010;левове;3676;
CM;6;2011;левове;3797;
CM;6;2012;левове;3992;
CM;6;2013;левове;3571;
CM;6;2014;левове;4740;
CM;6;2015;левове;5428;
CM;6;2016;левове;5032;
CM;6;2017;левове;7174;
CM;6;2018;левове;6658;
CM;7;2008;левове;6038;
CM;7;2009;левове;5758;
CM;7;2010;левове;6262;
CM;7;2011;левове;6260;
CM;7;2012;левове;6519;
CM;7;2013;левове;6747;
CM;7;2014;левове;7144;
CM;7;2015;левове;8013;
CM;7;2016;левове;8793;
CM;7;2017;левове;9850;
CM;7;2018;левове;10742;
CM;8;2008;левове;4731;
CM;8;2009;левове;4955;
CM;8;2010;левове;5251;
CM;8;2011;левове;5705;
CM;8;2012;левове;5875;
CM;8;2013;левове;6189;
CM;8;2014;левове;6482;
CM;8;2015;левове;7582;
CM;8;2016;левове;8355;
CM;8;2017;левове;9294;
CM;8;2018;левове;10516;
CM;9;2008;левове;3374;
CM;9;2009;левове;3486;
CM;9;2010;левове;4130;
CM;9;2011;левове;4484;
CM;9;2012;левове;4661;
CM;9;2013;левове;5292;
CM;9;2014;левове;5611;
CM;9;2015;левове;6349;
CM;9;2016;левове;7099;
CM;9;2017;левове;8192;
CM;9;2018;левове;8401;
D;0;2008;левове;13068;
D;0;2009;левове;15689;
D;0;2010;левове;16657;
D;0;2011;левове;17601;
D;0;2012;левове;18554;
D;0;2013;левове;18552;
D;0;2014;левове;19016;
D;0;2015;левове;19777;
D;0;2016;левове;20079;
D;0;2017;левове;21415;
D;0;2018;левове;22705;
D;1;2008;левове;25677;
D;1;2009;левове;31973;
D;1;2010;левове;35561;
D;1;2011;левове;38454;
D;1;2012;левове;39607;
D;1;2013;левове;39389;
D;1;2014;левове;39583;
D;1;2015;левове;41786;
D;1;2016;левове;42072;
D;1;2017;левове;44826;
D;1;2018;левове;48656;
D;2;2008;левове;16102;
D;2;2009;левове;19590;
D;2;2010;левове;20668;
D;2;2011;левове;21919;
D;2;2012;левове;22555;
D;2;2013;левове;22647;
D;2;2014;левове;23504;
D;2;2015;левове;24227;
D;2;2016;левове;24891;
D;2;2017;левове;26186;
D;2;2018;левове;27325;
D;3;2008;левове;13041;
D;3;2009;левове;15172;
D;3;2010;левове;14803;
D;3;2011;левове;17482;
D;3;2012;левове;18239;
D;3;2013;левове;18576;
D;3;2014;левове;18961;
D;3;2015;левове;19104;
D;3;2016;левове;19785;
D;3;2017;левове;20943;
D;3;2018;левове;21961;
D;4;2008;левове;9231;
D;4;2009;левове;10976;
D;4;2010;левове;11541;
D;4;2011;левове;12316;
D;4;2012;левове;12699;
D;4;2013;левове;13198;
D;4;2014;левове;13188;
D;4;2015;левове;13412;
D;4;2016;левове;13535;
D;4;2017;левове;14657;
D;4;2018;левове;15808;
D;5;2008;левове;7379;
D;5;2009;левове;8526;
D;5;2010;левове;9148;
D;5;2011;левове;9496;
D;5;2012;левове;9397;
D;5;2013;левове;10715;
D;5;2014;левове;10111;
D;5;2015;левове;10651;
D;5;2016;левове;10030;
D;5;2017;левове;11314;
D;5;2018;левове;11634;
D;6;2008;левове;12191;
D;6;2009;левове;4900;
D;6;2010;левове;7839;
D;6;2011;левове;5632;
D;6;2012;левове;6275;
D;6;2013;левове;6653;
D;6;2014;левове;6210;
D;6;2015;левове;5988;
D;6;2016;левове;5335;
D;6;2017;левове;6177;
D;6;2018;левове;6896;
D;7;2008;левове;11702;
D;7;2009;левове;13749;
D;7;2010;левове;14138;
D;7;2011;левове;15014;
D;7;2012;левове;16266;
D;7;2013;левове;15902;
D;7;2014;левове;16306;
D;7;2015;левове;16934;
D;7;2016;левове;17073;
D;7;2017;левове;18130;
D;7;2018;левове;18936;
D;8;2008;левове;11874;
D;8;2009;левове;14093;
D;8;2010;левове;15149;
D;8;2011;левове;13283;
D;8;2012;левове;15951;
D;8;2013;левове;14142;
D;8;2014;левове;14423;
D;8;2015;левове;15078;
D;8;2016;левове;15493;
D;8;2017;левове;16288;
D;8;2018;левове;17187;
D;9;2008;левове;8019;
D;9;2009;левове;8986;
D;9;2010;левове;8858;
D;9;2011;левове;9080;
D;9;2012;левове;9133;
D;9;2013;левове;8776;
D;9;2014;левове;9166;
D;9;2015;левове;9736;
D;9;2016;левове;9821;
D;9;2017;левове;10226;
D;9;2018;левове;11061;
E;0;2008;левове;6706;
E;0;2009;левове;7309;
E;0;2010;левове;7661;
E;0;2011;левове;7970;
E;0;2012;левове;8115;
E;0;2013;левове;8589;
E;0;2014;левове;9049;
E;0;2015;левове;9378;
E;0;2016;левове;9794;
E;0;2017;левове;10555;
E;0;2018;левове;11435;
E;1;2008;левове;16621;
E;1;2009;левове;17789;
E;1;2010;левове;18719;
E;1;2011;левове;20979;
E;1;2012;левове;21607;
E;1;2013;левове;23751;
E;1;2014;левове;26456;
E;1;2015;левове;27615;
E;1;2016;левове;26746;
E;1;2017;левове;30735;
E;1;2018;левове;33740;
E;2;2008;левове;11747;
E;2;2009;левове;12961;
E;2;2010;левове;14711;
E;2;2011;левове;14545;
E;2;2012;левове;13932;
E;2;2013;левове;15541;
E;2;2014;левове;15195;
E;2;2015;левове;16940;
E;2;2016;левове;18541;
E;2;2017;левове;19873;
E;2;2018;левове;21994;
E;3;2008;левове;8288;
E;3;2009;левове;9534;
E;3;2010;левове;9816;
E;3;2011;левове;10904;
E;3;2012;левове;10898;
E;3;2013;левове;12065;
E;3;2014;левове;12693;
E;3;2015;левове;12952;
E;3;2016;левове;13298;
E;3;2017;левове;14623;
E;3;2018;левове;15074;
E;4;2008;левове;6478;
E;4;2009;левове;6966;
E;4;2010;левове;7371;
E;4;2011;левове;7304;
E;4;2012;левове;7541;
E;4;2013;левове;7953;
E;4;2014;левове;8286;
E;4;2015;левове;8273;
E;4;2016;левове;8844;
E;4;2017;левове;9463;
E;4;2018;левове;10190;
E;5;2008;левове;4747;
E;5;2009;левове;5001;
E;5;2010;левове;5210;
E;5;2011;левове;5699;
E;5;2012;левове;5983;
E;5;2013;левове;6173;
E;5;2014;левове;6588;
E;5;2015;левове;6839;
E;5;2016;левове;7171;
E;5;2017;левове;7864;
E;5;2018;левове;9586;
E;6;2008;левове;3462;
E;6;2009;левове;4595;
E;6;2010;левове;4038;
E;6;2011;левове;4385;
E;6;2012;левове;3883;
E;6;2013;левове;4255;
E;6;2014;левове;4502;
E;6;2015;левове;4965;
E;6;2016;левове;5460;
E;6;2017;левове;7135;
E;6;2018;левове;6967;
E;7;2008;левове;6900;
E;7;2009;левове;7403;
E;7;2010;левове;7731;
E;7;2011;левове;7849;
E;7;2012;левове;7996;
E;7;2013;левове;8462;
E;7;2014;левове;8899;
E;7;2015;левове;9093;
E;7;2016;левове;9522;
E;7;2017;левове;9919;
E;7;2018;левове;10670;
E;8;2008;левове;7029;
E;8;2009;левове;7282;
E;8;2010;левове;7539;
E;8;2011;левове;7976;
E;8;2012;левове;8157;
E;8;2013;левове;8298;
E;8;2014;левове;8618;
E;8;2015;левове;8996;
E;8;2016;левове;9567;
E;8;2017;левове;10234;
E;8;2018;левове;11014;
E;9;2008;левове;4469;
E;9;2009;левове;4880;
E;9;2010;левове;5051;
E;9;2011;левове;5195;
E;9;2012;левове;5281;
E;9;2013;левове;5368;
E;9;2014;левове;5555;
E;9;2015;левове;5960;
E;9;2016;левове;6462;
E;9;2017;левове;6988;
E;9;2018;левове;7670;
F;0;2008;левове;5569;
F;0;2009;левове;6811;
F;0;2010;левове;7076;
F;0;2011;левове;7312;
F;0;2012;левове;7688;
F;0;2013;левове;8021;
F;0;2014;левове;8807;
F;0;2015;левове;9238;
F;0;2016;левове;9308;
F;0;2017;левове;10066;
F;0;2018;левове;11100;
F;1;2008;левове;14076;
F;1;2009;левове;20152;
F;1;2010;левове;19247;
F;1;2011;левове;21409;
F;1;2012;левове;24374;
F;1;2013;левове;25350;
F;1;2014;левове;28294;
F;1;2015;левове;32141;
F;1;2016;левове;32614;
F;1;2017;левове;35201;
F;1;2018;левове;38889;
F;2;2008;левове;10347;
F;2;2009;левове;11542;
F;2;2010;левове;11715;
F;2;2011;левове;11178;
F;2;2012;левове;11721;
F;2;2013;левове;12184;
F;2;2014;левове;13562;
F;2;2015;левове;14966;
F;2;2016;левове;14650;
F;2;2017;левове;15927;
F;2;2018;левове;17376;
F;3;2008;левове;7018;
F;3;2009;левове;8001;
F;3;2010;левове;8562;
F;3;2011;левове;8719;
F;3;2012;левове;9139;
F;3;2013;левове;9709;
F;3;2014;левове;10381;
F;3;2015;левове;10971;
F;3;2016;левове;10735;
F;3;2017;левове;11718;
F;3;2018;левове;12834;
F;4;2008;левове;5033;
F;4;2009;левове;5620;
F;4;2010;левове;5798;
F;4;2011;левове;5590;
F;4;2012;левове;5854;
F;4;2013;левове;6116;
F;4;2014;левове;6460;
F;4;2015;левове;6930;
F;4;2016;левове;6912;
F;4;2017;левове;7595;
F;4;2018;левове;8736;
F;5;2008;левове;3660;
F;5;2009;левове;3984;
F;5;2010;левове;4003;
F;5;2011;левове;4185;
F;5;2012;левове;4396;
F;5;2013;левове;4627;
F;5;2014;левове;4971;
F;5;2015;левове;5508;
F;5;2016;левове;5849;
F;5;2017;левове;6308;
F;5;2018;левове;7143;
F;6;2008;левове;4586;
F;6;2009;левове;4834;
F;6;2010;левове;5245;
F;6;2011;левове;5088;
F;6;2012;левове;5327;
F;6;2013;левове;5842;
F;6;2014;левове;5979;
F;6;2015;левове;5946;
F;6;2016;левове;6678;
F;6;2017;левове;9961;
F;6;2018;левове;8301;
F;7;2008;левове;5765;
F;7;2009;левове;7053;
F;7;2010;левове;7041;
F;7;2011;левове;7354;
F;7;2012;левове;7731;
F;7;2013;левове;8196;
F;7;2014;левове;9280;
F;7;2015;левове;9152;
F;7;2016;левове;9019;
F;7;2017;левове;9666;
F;7;2018;левове;10389;
F;8;2008;левове;6239;
F;8;2009;левове;6975;
F;8;2010;левове;7297;
F;8;2011;левове;7383;
F;8;2012;левове;7505;
F;8;2013;левове;7802;
F;8;2014;левове;8345;
F;8;2015;левове;8893;
F;8;2016;левове;8757;
F;8;2017;левове;9649;
F;8;2018;левове;10792;
F;9;2008;левове;3476;
F;9;2009;левове;3965;
F;9;2010;левове;3909;
F;9;2011;левове;4124;
F;9;2012;левове;4153;
F;9;2013;левове;4324;
F;9;2014;левове;4859;
F;9;2015;левове;5172;
F;9;2016;левове;5512;
F;9;2017;левове;5919;
F;9;2018;левове;6802;
G;0;2008;левове;5727;
G;0;2009;левове;6456;
G;0;2010;левове;6858;
G;0;2011;левове;7351;
G;0;2012;левове;7948;
G;0;2013;левове;8397;
G;0;2014;левове;8901;
G;0;2015;левове;9677;
G;0;2016;левове;10536;
G;0;2017;левове;11470;
G;0;2018;левове;12663;
G;1;2008;левове;22479;
G;1;2009;левове;23304;
G;1;2010;левове;24291;
G;1;2011;левове;25642;
G;1;2012;левове;27513;
G;1;2013;левове;29958;
G;1;2014;левове;33072;
G;1;2015;левове;35232;
G;1;2016;левове;38882;
G;1;2017;левове;43105;
G;1;2018;левове;47024;
G;2;2008;левове;12477;
G;2;2009;левове;13898;
G;2;2010;левове;15139;
G;2;2011;левове;15324;
G;2;2012;левове;16410;
G;2;2013;левове;17532;
G;2;2014;левове;18511;
G;2;2015;левове;20689;
G;2;2016;левове;22206;
G;2;2017;левове;23571;
G;2;2018;левове;26176;
G;3;2008;левове;9071;
G;3;2009;левове;9953;
G;3;2010;левове;10327;
G;3;2011;левове;10749;
G;3;2012;левове;11672;
G;3;2013;левове;12418;
G;3;2014;левове;12931;
G;3;2015;левове;14134;
G;3;2016;левове;15127;
G;3;2017;левове;16452;
G;3;2018;левове;17644;
G;4;2008;левове;5511;
G;4;2009;левове;6235;
G;4;2010;левове;6549;
G;4;2011;левове;6800;
G;4;2012;левове;7161;
G;4;2013;левове;7562;
G;4;2014;левове;8075;
G;4;2015;левове;8716;
G;4;2016;левове;9394;
G;4;2017;левове;10227;
G;4;2018;левове;11128;
G;5;2008;левове;3877;
G;5;2009;левове;4399;
G;5;2010;левове;4650;
G;5;2011;левове;4972;
G;5;2012;левове;5446;
G;5;2013;левове;5622;
G;5;2014;левове;5910;
G;5;2015;левове;6436;
G;5;2016;левове;7066;
G;5;2017;левове;7486;
G;5;2018;левове;8189;
G;6;2008;левове;3601;
G;6;2009;левове;4209;
G;6;2010;левове;4164;
G;6;2011;левове;4463;
G;6;2012;левове;4776;
G;6;2013;левове;4844;
G;6;2014;левове;5075;
G;6;2015;левове;5618;
G;6;2016;левове;8879;
G;6;2017;левове;10986;
G;6;2018;левове;7835;
G;7;2008;левове;5291;
G;7;2009;левове;5787;
G;7;2010;левове;5970;
G;7;2011;левове;6294;
G;7;2012;левове;6603;
G;7;2013;левове;6892;
G;7;2014;левове;7299;
G;7;2015;левове;8028;
G;7;2016;левове;8565;
G;7;2017;левове;9074;
G;7;2018;левове;10087;
G;8;2008;левове;4502;
G;8;2009;левове;5355;
G;8;2010;левове;5471;
G;8;2011;левове;5924;
G;8;2012;левове;6376;
G;8;2013;левове;6630;
G;8;2014;левове;6887;
G;8;2015;левове;7395;
G;8;2016;левове;8168;
G;8;2017;левове;8673;
G;8;2018;левове;9468;
G;9;2008;левове;3299;
G;9;2009;левове;3951;
G;9;2010;левове;4172;
G;9;2011;левове;4426;
G;9;2012;левове;4769;
G;9;2013;левове;4990;
G;9;2014;левове;5302;
G;9;2015;левове;5576;
G;9;2016;левове;6145;
G;9;2017;левове;6616;
G;9;2018;левове;7318;
H;0;2008;левове;7437;
H;0;2009;левове;7876;
H;0;2010;левове;8332;
H;0;2011;левове;8736;
H;0;2012;левове;8958;
H;0;2013;левове;9160;
H;0;2014;левове;9418;
H;0;2015;левове;9862;
H;0;2016;левове;10477;
H;0;2017;левове;11238;
H;0;2018;левове;12335;
H;1;2008;левове;15135;
H;1;2009;левове;15730;
H;1;2010;левове;16733;
H;1;2011;левове;18372;
H;1;2012;левове;19162;
H;1;2013;левове;20187;
H;1;2014;левове;21270;
H;1;2015;левове;22316;
H;1;2016;левове;24608;
H;1;2017;левове;27088;
H;1;2018;левове;29952;
H;2;2008;левове;14231;
H;2;2009;левове;15033;
H;2;2010;левове;15822;
H;2;2011;левове;16195;
H;2;2012;левове;16793;
H;2;2013;левове;17319;
H;2;2014;левове;18327;
H;2;2015;левове;19607;
H;2;2016;левове;20848;
H;2;2017;левове;22154;
H;2;2018;левове;24162;
H;3;2008;левове;12524;
H;3;2009;левове;13274;
H;3;2010;левове;14229;
H;3;2011;левове;15639;
H;3;2012;левове;16050;
H;3;2013;левове;16243;
H;3;2014;левове;16179;
H;3;2015;левове;17688;
H;3;2016;левове;18684;
H;3;2017;левове;19861;
H;3;2018;левове;21963;
H;4;2008;левове;5898;
H;4;2009;левове;6319;
H;4;2010;левове;6542;
H;4;2011;левове;6504;
H;4;2012;левове;6529;
H;4;2013;левове;6856;
H;4;2014;левове;7274;
H;4;2015;левове;7666;
H;4;2016;левове;8211;
H;4;2017;левове;9076;
H;4;2018;левове;10159;
H;5;2008;левове;5177;
H;5;2009;левове;5538;
H;5;2010;левове;5898;
H;5;2011;левове;6296;
H;5;2012;левове;6499;
H;5;2013;левове;6967;
H;5;2014;левове;7144;
H;5;2015;левове;7681;
H;5;2016;левове;8074;
H;5;2017;левове;8950;
H;5;2018;левове;9501;
H;6;2008;левове;3474;
H;6;2009;левове;4327;
H;6;2010;левове;4432;
H;6;2011;левове;4685;
H;6;2012;левове;4957;
H;6;2013;левове;5618;
H;6;2014;левове;5080;
H;6;2015;левове;5277;
H;6;2016;левове;6094;
H;6;2017;левове;6332;
H;6;2018;левове;6656;
H;7;2008;левове;6809;
H;7;2009;левове;7355;
H;7;2010;левове;7791;
H;7;2011;левове;7737;
H;7;2012;левове;7795;
H;7;2013;левове;7902;
H;7;2014;левове;8246;
H;7;2015;левове;8631;
H;7;2016;левове;9161;
H;7;2017;левове;9527;
H;7;2018;левове;10429;
H;8;2008;левове;5735;
H;8;2009;левове;6132;
H;8;2010;левове;6459;
H;8;2011;левове;6629;
H;8;2012;левове;6733;
H;8;2013;левове;6809;
H;8;2014;левове;6940;
H;8;2015;левове;7186;
H;8;2016;левове;7640;
H;8;2017;левове;8127;
H;8;2018;левове;8841;
H;9;2008;левове;5510;
H;9;2009;левове;5674;
H;9;2010;левове;6016;
H;9;2011;левове;6373;
H;9;2012;левове;6769;
H;9;2013;левове;7019;
H;9;2014;левове;7322;
H;9;2015;левове;7253;
H;9;2016;левове;7768;
H;9;2017;левове;8275;
H;9;2018;левове;9242;
I;0;2008;левове;4211;
I;0;2009;левове;4684;
I;0;2010;левове;4774;
I;0;2011;левове;5181;
I;0;2012;левове;5684;
I;0;2013;левове;5883;
I;0;2014;левове;6158;
I;0;2015;левове;6454;
I;0;2016;левове;6843;
I;0;2017;левове;7451;
I;0;2018;левове;8344;
I;1;2008;левове;12155;
I;1;2009;левове;12774;
I;1;2010;левове;13146;
I;1;2011;левове;15504;
I;1;2012;левове;16160;
I;1;2013;левове;19504;
I;1;2014;левове;20864;
I;1;2015;левове;21594;
I;1;2016;левове;22821;
I;1;2017;левове;26979;
I;1;2018;левове;29446;
I;2;2008;левове;7899;
I;2;2009;левове;9246;
I;2;2010;левове;9920;
I;2;2011;левове;9677;
I;2;2012;левове;12685;
I;2;2013;левове;11191;
I;2;2014;левове;11318;
I;2;2015;левове;12576;
I;2;2016;левове;13552;
I;2;2017;левове;14036;
I;2;2018;левове;16359;
I;3;2008;левове;6485;
I;3;2009;левове;7109;
I;3;2010;левове;7432;
I;3;2011;левове;8014;
I;3;2012;левове;8858;
I;3;2013;левове;9684;
I;3;2014;левове;9854;
I;3;2015;левове;10074;
I;3;2016;левове;10787;
I;3;2017;левове;11743;
I;3;2018;левове;12885;
I;4;2008;левове;4773;
I;4;2009;левове;5257;
I;4;2010;левове;5232;
I;4;2011;левове;5500;
I;4;2012;левове;5807;
I;4;2013;левове;6161;
I;4;2014;левове;6389;
I;4;2015;левове;6721;
I;4;2016;левове;6992;
I;4;2017;левове;7630;
I;4;2018;левове;8329;
I;5;2008;левове;3662;
I;5;2009;левове;4123;
I;5;2010;левове;4181;
I;5;2011;левове;4510;
I;5;2012;левове;4931;
I;5;2013;левове;5035;
I;5;2014;левове;5275;
I;5;2015;левове;5523;
I;5;2016;левове;5860;
I;5;2017;левове;6238;
I;5;2018;левове;7018;
I;6;2008;левове;4081;
I;6;2009;левове;4942;
I;6;2010;левове;4541;
I;6;2011;левове;4789;
I;6;2012;левове;4991;
I;6;2013;левове;5225;
I;6;2014;левове;6153;
I;6;2015;левове;6456;
I;6;2016;левове;6827;
I;6;2017;левове;8372;
I;6;2018;левове;7467;
I;7;2008;левове;4775;
I;7;2009;левове;5187;
I;7;2010;левове;5593;
I;7;2011;левове;6271;
I;7;2012;левове;6598;
I;7;2013;левове;6609;
I;7;2014;левове;6819;
I;7;2015;левове;7015;
I;7;2016;левове;7583;
I;7;2017;левове;8180;
I;7;2018;левове;9060;
I;8;2008;левове;4835;
I;8;2009;левове;5311;
I;8;2010;левове;5676;
I;8;2011;левове;5737;
I;8;2012;левове;6034;
I;8;2013;левове;6117;
I;8;2014;левове;6408;
I;8;2015;левове;6571;
I;8;2016;левове;7736;
I;8;2017;левове;8191;
I;8;2018;левове;8776;
I;9;2008;левове;3374;
I;9;2009;левове;3701;
I;9;2010;левове;3695;
I;9;2011;левове;3987;
I;9;2012;левове;4473;
I;9;2013;левове;4593;
I;9;2014;левове;4800;
I;9;2015;левове;5051;
I;9;2016;левове;5427;
I;9;2017;левове;6003;
I;9;2018;левове;6747;
JA;0;2008;левове;9062;
JA;0;2009;левове;11578;
JA;0;2010;левове;12414;
JA;0;2011;левове;13424;
JA;0;2012;левове;14249;
JA;0;2013;левове;15189;
JA;0;2014;левове;15105;
JA;0;2015;левове;15382;
JA;0;2016;левове;16206;
JA;0;2017;левове;17359;
JA;0;2018;левове;18602;
JA;1;2008;левове;24424;
JA;1;2009;левове;28890;
JA;1;2010;левове;28740;
JA;1;2011;левове;35019;
JA;1;2012;левове;32742;
JA;1;2013;левове;36082;
JA;1;2014;левове;33249;
JA;1;2015;левове;33508;
JA;1;2016;левове;35531;
JA;1;2017;левове;39510;
JA;1;2018;левове;39321;
JA;2;2008;левове;9966;
JA;2;2009;левове;12564;
JA;2;2010;левове;13005;
JA;2;2011;левове;13431;
JA;2;2012;левове;15394;
JA;2;2013;левове;15918;
JA;2;2014;левове;15942;
JA;2;2015;левове;16358;
JA;2;2016;левове;17116;
JA;2;2017;левове;17784;
JA;2;2018;левове;19637;
JA;3;2008;левове;8469;
JA;3;2009;левове;9901;
JA;3;2010;левове;11356;
JA;3;2011;левове;11374;
JA;3;2012;левове;11037;
JA;3;2013;левове;12154;
JA;3;2014;левове;12231;
JA;3;2015;левове;12322;
JA;3;2016;левове;12821;
JA;3;2017;левове;13738;
JA;3;2018;левове;15545;
JA;4;2008;левове;4921;
JA;4;2009;левове;6289;
JA;4;2010;левове;6383;
JA;4;2011;левове;6487;
JA;4;2012;левове;6751;
JA;4;2013;левове;7011;
JA;4;2014;левове;7223;
JA;4;2015;левове;7502;
JA;4;2016;левове;8109;
JA;4;2017;левове;8731;
JA;4;2018;левове;10014;
JA;5;2008;левове;4083;
JA;5;2009;левове;4743;
JA;5;2010;левове;5626;
JA;5;2011;левове;5411;
JA;5;2012;левове;5821;
JA;5;2013;левове;6200;
JA;5;2014;левове;6028;
JA;5;2015;левове;6244;
JA;5;2016;левове;7282;
JA;5;2017;левове;7689;
JA;5;2018;левове;6341;
JA;6;2008;левове;3200;
JA;6;2009;левове;9856;
JA;6;2010;левове;3248;
JA;6;2011;левове;6928;
JA;6;2012;левове;3177;
JA;6;2013;левове;3710;
JA;6;2014;левове;4721;
JA;6;2015;левове;5399;
JA;6;2016;левове;4148;
JA;6;2017;левове;13879;
JA;6;2018;левове;11171;
JA;7;2008;левове;4646;
JA;7;2009;левове;5269;
JA;7;2010;левове;5963;
JA;7;2011;левове;5919;
JA;7;2012;левове;6124;
JA;7;2013;левове;7001;
JA;7;2014;левове;7026;
JA;7;2015;левове;7535;
JA;7;2016;левове;7913;
JA;7;2017;левове;8738;
JA;7;2018;левове;9360;
JA;8;2008;левове;4903;
JA;8;2009;левове;6832;
JA;8;2010;левове;8408;
JA;8;2011;левове;8744;
JA;8;2012;левове;9720;
JA;8;2013;левове;11177;
JA;8;2014;левове;10898;
JA;8;2015;левове;10573;
JA;8;2016;левове;11178;
JA;8;2017;левове;12022;
JA;8;2018;левове;13156;
JA;9;2008;левове;4205;
JA;9;2009;левове;5158;
JA;9;2010;левове;4661;
JA;9;2011;левове;4745;
JA;9;2012;левове;5125;
JA;9;2013;левове;5759;
JA;9;2014;левове;6300;
JA;9;2015;левове;6794;
JA;9;2016;левове;6799;
JA;9;2017;левове;7519;
JA;9;2018;левове;7147;
JB;0;2008;левове;14827;
JB;0;2009;левове;14304;
JB;0;2010;левове;14970;
JB;0;2011;левове;16218;
JB;0;2012;левове;16830;
JB;0;2013;левове;18763;
JB;0;2014;левове;18619;
JB;0;2015;левове;19080;
JB;0;2016;левове;20128;
JB;0;2017;левове;21198;
JB;0;2018;левове;23270;
JB;1;2008;левове;36861;
JB;1;2009;левове;34699;
JB;1;2010;левове;36919;
JB;1;2011;левове;41334;
JB;1;2012;левове;42152;
JB;1;2013;левове;48751;
JB;1;2014;левове;47382;
JB;1;2015;левове;48095;
JB;1;2016;левове;50290;
JB;1;2017;левове;50027;
JB;1;2018;левове;54487;
JB;2;2008;левове;18703;
JB;2;2009;левове;19841;
JB;2;2010;левове;18328;
JB;2;2011;левове;22274;
JB;2;2012;левове;21991;
JB;2;2013;левове;23806;
JB;2;2014;левове;24738;
JB;2;2015;левове;24908;
JB;2;2016;левове;27264;
JB;2;2017;левове;28086;
JB;2;2018;левове;30230;
JB;3;2008;левове;11991;
JB;3;2009;левове;11943;
JB;3;2010;левове;12982;
JB;3;2011;левове;12537;
JB;3;2012;левове;13431;
JB;3;2013;левове;14789;
JB;3;2014;левове;15893;
JB;3;2015;левове;16899;
JB;3;2016;левове;17236;
JB;3;2017;левове;19319;
JB;3;2018;левове;21070;
JB;4;2008;левове;8431;
JB;4;2009;левове;7491;
JB;4;2010;левове;8472;
JB;4;2011;левове;10137;
JB;4;2012;левове;9994;
JB;4;2013;левове;11001;
JB;4;2014;левове;11712;
JB;4;2015;левове;12138;
JB;4;2016;левове;10873;
JB;4;2017;левове;10453;
JB;4;2018;левове;11138;
JB;5;2008;левове;11391;
JB;5;2009;левове;6125;
JB;5;2010;левове;9696;
JB;5;2011;левове;10484;
JB;5;2012;левове;11688;
JB;5;2013;левове;13483;
JB;5;2014;левове;11975;
JB;5;2015;левове;11935;
JB;5;2016;левове;13058;
JB;5;2017;левове;14145;
JB;5;2018;левове;16366;
JB;6;2008;левове;2684;
JB;6;2009;левове;-;
JB;6;2010;левове;3023;
JB;6;2011;левове;5224;
JB;6;2012;левове;5825;
JB;6;2013;левове;3627;
JB;6;2014;левове;7143;
JB;6;2015;левове;5933;
JB;6;2016;левове;5614;
JB;6;2017;левове;5647;
JB;6;2018;левове;7613;
JB;7;2008;левове;5497;
JB;7;2009;левове;5911;
JB;7;2010;левове;6514;
JB;7;2011;левове;7106;
JB;7;2012;левове;7262;
JB;7;2013;левове;8482;
JB;7;2014;левове;8817;
JB;7;2015;левове;9730;
JB;7;2016;левове;10595;
JB;7;2017;левове;11332;
JB;7;2018;левове;11270;
JB;8;2008;левове;5172;
JB;8;2009;левове;6428;
JB;8;2010;левове;6702;
JB;8;2011;левове;8946;
JB;8;2012;левове;7852;
JB;8;2013;левове;10291;
JB;8;2014;левове;9589;
JB;8;2015;левове;9192;
JB;8;2016;левове;9568;
JB;8;2017;левове;9658;
JB;8;2018;левове;9890;
JB;9;2008;левове;4387;
JB;9;2009;левове;4051;
JB;9;2010;левове;4133;
JB;9;2011;левове;4877;
JB;9;2012;левове;5047;
JB;9;2013;левове;6068;
JB;9;2014;левове;5681;
JB;9;2015;левове;5505;
JB;9;2016;левове;5730;
JB;9;2017;левове;6236;
JB;9;2018;левове;6880;
JC;0;2008;левове;17235;
JC;0;2009;левове;19461;
JC;0;2010;левове;20625;
JC;0;2011;левове;23435;
JC;0;2012;левове;25356;
JC;0;2013;левове;26433;
JC;0;2014;левове;27556;
JC;0;2015;левове;29149;
JC;0;2016;левове;33183;
JC;0;2017;левове;35785;
JC;0;2018;левове;39359;
JC;1;2008;левове;35000;
JC;1;2009;левове;40541;
JC;1;2010;левове;40829;
JC;1;2011;левове;44989;
JC;1;2012;левове;50505;
JC;1;2013;левове;51553;
JC;1;2014;левове;54323;
JC;1;2015;левове;56701;
JC;1;2016;левове;67594;
JC;1;2017;левове;70613;
JC;1;2018;левове;76275;
JC;2;2008;левове;21193;
JC;2;2009;левове;24457;
JC;2;2010;левове;24528;
JC;2;2011;левове;27008;
JC;2;2012;левове;28805;
JC;2;2013;левове;30318;
JC;2;2014;левове;31278;
JC;2;2015;левове;32850;
JC;2;2016;левове;36464;
JC;2;2017;левове;38869;
JC;2;2018;левове;42333;
JC;3;2008;левове;14114;
JC;3;2009;левове;15386;
JC;3;2010;левове;16063;
JC;3;2011;левове;15819;
JC;3;2012;левове;16399;
JC;3;2013;левове;15059;
JC;3;2014;левове;15854;
JC;3;2015;левове;17831;
JC;3;2016;левове;19155;
JC;3;2017;левове;20964;
JC;3;2018;левове;23592;
JC;4;2008;левове;6549;
JC;4;2009;левове;6621;
JC;4;2010;левове;7842;
JC;4;2011;левове;8387;
JC;4;2012;левове;9067;
JC;4;2013;левове;9901;
JC;4;2014;левове;10973;
JC;4;2015;левове;11404;
JC;4;2016;левове;12761;
JC;4;2017;левове;14556;
JC;4;2018;левове;16320;
JC;5;2008;левове;3764;
JC;5;2009;левове;8275;
JC;5;2010;левове;11071;
JC;5;2011;левове;7750;
JC;5;2012;левове;5178;
JC;5;2013;левове;6217;
JC;5;2014;левове;6765;
JC;5;2015;левове;7366;
JC;5;2016;левове;8490;
JC;5;2017;левове;8991;
JC;5;2018;левове;8786;
JC;6;2008;левове;2677;
JC;6;2009;левове;5492;
JC;6;2010;левове;3644;
JC;6;2011;левове;2671;
JC;6;2012;левове;5175;
JC;6;2013;левове;7922;
JC;6;2014;левове;6072;
JC;6;2015;левове;4646;
JC;6;2016;левове;5318;
JC;6;2017;левове;-;
JC;6;2018;левове;7215;
JC;7;2008;левове;9569;
JC;7;2009;левове;8717;
JC;7;2010;левове;8515;
JC;7;2011;левове;9543;
JC;7;2012;левове;6773;
JC;7;2013;левове;6516;
JC;7;2014;левове;6806;
JC;7;2015;левове;7804;
JC;7;2016;левове;9241;
JC;7;2017;левове;9997;
JC;7;2018;левове;9877;
JC;8;2008;левове;4835;
JC;8;2009;левове;5822;
JC;8;2010;левове;4757;
JC;8;2011;левове;5778;
JC;8;2012;левове;5762;
JC;8;2013;левове;6359;
JC;8;2014;левове;7193;
JC;8;2015;левове;7910;
JC;8;2016;левове;10351;
JC;8;2017;левове;10261;
JC;8;2018;левове;10540;
JC;9;2008;левове;4397;
JC;9;2009;левове;4572;
JC;9;2010;левове;4651;
JC;9;2011;левове;5219;
JC;9;2012;левове;5660;
JC;9;2013;левове;6580;
JC;9;2014;левове;5644;
JC;9;2015;левове;6496;
JC;9;2016;левове;6893;
JC;9;2017;левове;7734;
JC;9;2018;левове;8784;
K;0;2008;левове;14669;
K;0;2009;левове;15507;
K;0;2010;левове;16291;
K;0;2011;левове;17261;
K;0;2012;левове;17509;
K;0;2013;левове;18098;
K;0;2014;левове;18935;
K;0;2015;левове;19571;
K;0;2016;левове;20188;
K;0;2017;левове;21590;
K;0;2018;левове;23494;
K;1;2008;левове;35350;
K;1;2009;левове;39345;
K;1;2010;левове;43153;
K;1;2011;левове;45953;
K;1;2012;левове;45002;
K;1;2013;левове;45987;
K;1;2014;левове;49187;
K;1;2015;левове;51637;
K;1;2016;левове;51526;
K;1;2017;левове;55758;
K;1;2018;левове;59229;
K;2;2008;левове;17779;
K;2;2009;левове;19203;
K;2;2010;левове;18828;
K;2;2011;левове;20406;
K;2;2012;левове;21107;
K;2;2013;левове;22307;
K;2;2014;левове;23495;
K;2;2015;левове;24642;
K;2;2016;левове;25495;
K;2;2017;левове;26580;
K;2;2018;левове;29009;
K;3;2008;левове;11478;
K;3;2009;левове;11472;
K;3;2010;левове;12140;
K;3;2011;левове;13798;
K;3;2012;левове;13967;
K;3;2013;левове;14562;
K;3;2014;левове;15314;
K;3;2015;левове;16113;
K;3;2016;левове;16624;
K;3;2017;левове;17623;
K;3;2018;левове;18820;
K;4;2008;левове;8205;
K;4;2009;левове;8196;
K;4;2010;левове;8569;
K;4;2011;левове;9346;
K;4;2012;левове;9466;
K;4;2013;левове;9671;
K;4;2014;левове;9923;
K;4;2015;левове;10040;
K;4;2016;левове;10543;
K;4;2017;левове;11143;
K;4;2018;левове;12077;
K;5;2008;левове;5648;
K;5;2009;левове;5913;
K;5;2010;левове;6102;
K;5;2011;левове;6773;
K;5;2012;левове;7787;
K;5;2013;левове;7488;
K;5;2014;левове;7499;
K;5;2015;левове;7878;
K;5;2016;левове;8308;
K;5;2017;левове;9076;
K;5;2018;левове;10964;
K;6;2008;левове;3888;
K;6;2009;левове;4406;
K;6;2010;левове;2768;
K;6;2011;левове;6531;
K;6;2012;левове;4226;
K;6;2013;левове;6699;
K;6;2014;левове;4171;
K;6;2015;левове;5399;
K;6;2016;левове;6200;
K;6;2017;левове;4991;
K;6;2018;левове;7161;
K;7;2008;левове;8867;
K;7;2009;левове;9335;
K;7;2010;левове;7358;
K;7;2011;левове;8191;
K;7;2012;левове;8236;
K;7;2013;левове;7155;
K;7;2014;левове;7409;
K;7;2015;левове;8552;
K;7;2016;левове;9213;
K;7;2017;левове;10308;
K;7;2018;левове;10037;
K;8;2008;левове;9743;
K;8;2009;левове;9969;
K;8;2010;левове;10471;
K;8;2011;левове;10630;
K;8;2012;левове;11177;
K;8;2013;левове;11871;
K;8;2014;левове;12173;
K;8;2015;левове;12201;
K;8;2016;левове;12394;
K;8;2017;левове;12633;
K;8;2018;левове;14707;
K;9;2008;левове;4612;
K;9;2009;левове;4770;
K;9;2010;левове;5161;
K;9;2011;левове;6199;
K;9;2012;левове;5369;
K;9;2013;левове;6025;
K;9;2014;левове;5549;
K;9;2015;левове;5823;
K;9;2016;левове;6220;
K;9;2017;левове;6855;
K;9;2018;левове;9966;
L;0;2008;левове;6947;
L;0;2009;левове;7679;
L;0;2010;левове;7919;
L;0;2011;левове;8171;
L;0;2012;левове;8863;
L;0;2013;левове;9171;
L;0;2014;левове;9353;
L;0;2015;левове;10166;
L;0;2016;левове;10877;
L;0;2017;левове;12105;
L;0;2018;левове;13026;
L;1;2008;левове;18372;
L;1;2009;левове;20445;
L;1;2010;левове;18770;
L;1;2011;левове;19716;
L;1;2012;левове;21577;
L;1;2013;левове;21926;
L;1;2014;левове;22100;
L;1;2015;левове;23962;
L;1;2016;левове;25644;
L;1;2017;левове;29988;
L;1;2018;левове;30937;
L;2;2008;левове;11566;
L;2;2009;левове;11420;
L;2;2010;левове;12731;
L;2;2011;левове;12738;
L;2;2012;левове;13116;
L;2;2013;левове;12911;
L;2;2014;левове;12751;
L;2;2015;левове;14034;
L;2;2016;левове;15406;
L;2;2017;левове;16306;
L;2;2018;левове;17636;
L;3;2008;левове;5976;
L;3;2009;левове;7263;
L;3;2010;левове;7423;
L;3;2011;левове;8149;
L;3;2012;левове;8622;
L;3;2013;левове;8667;
L;3;2014;левове;8800;
L;3;2015;левове;9363;
L;3;2016;левове;9870;
L;3;2017;левове;10540;
L;3;2018;левове;11789;
L;4;2008;левове;4699;
L;4;2009;левове;5374;
L;4;2010;левове;5499;
L;4;2011;левове;5462;
L;4;2012;левове;5734;
L;4;2013;левове;5999;
L;4;2014;левове;6387;
L;4;2015;левове;6795;
L;4;2016;левове;7178;
L;4;2017;левове;7915;
L;4;2018;левове;8650;
L;5;2008;левове;4271;
L;5;2009;левове;4517;
L;5;2010;левове;4654;
L;5;2011;левове;4681;
L;5;2012;левове;5098;
L;5;2013;левове;5355;
L;5;2014;левове;5486;
L;5;2015;левове;6098;
L;5;2016;левове;6706;
L;5;2017;левове;7222;
L;5;2018;левове;7758;
L;6;2008;левове;4591;
L;6;2009;левове;4955;
L;6;2010;левове;4589;
L;6;2011;левове;4618;
L;6;2012;левове;5628;
L;6;2013;левове;5865;
L;6;2014;левове;5311;
L;6;2015;левове;6578;
L;6;2016;левове;6611;
L;6;2017;левове;7576;
L;6;2018;левове;8389;
L;7;2008;левове;4922;
L;7;2009;левове;5624;
L;7;2010;левове;5623;
L;7;2011;левове;5822;
L;7;2012;левове;6270;
L;7;2013;левове;6697;
L;7;2014;левове;7540;
L;7;2015;левове;7998;
L;7;2016;левове;9299;
L;7;2017;левове;10180;
L;7;2018;левове;11328;
L;8;2008;левове;4808;
L;8;2009;левове;5559;
L;8;2010;левове;5670;
L;8;2011;левове;5467;
L;8;2012;левове;5890;
L;8;2013;левове;6568;
L;8;2014;левове;7165;
L;8;2015;левове;7725;
L;8;2016;левове;7734;
L;8;2017;левове;8346;
L;8;2018;левове;9357;
L;9;2008;левове;3770;
L;9;2009;левове;4122;
L;9;2010;левове;4377;
L;9;2011;левове;4418;
L;9;2012;левове;4800;
L;9;2013;левове;5064;
L;9;2014;левове;5191;
L;9;2015;левове;5640;
L;9;2016;левове;6233;
L;9;2017;левове;6685;
L;9;2018;левове;7375;
MA;0;2008;левове;10117;
MA;0;2009;левове;11674;
MA;0;2010;левове;11737;
MA;0;2011;левове;11917;
MA;0;2012;левове;13124;
MA;0;2013;левове;13612;
MA;0;2014;левове;14402;
MA;0;2015;левове;14874;
MA;0;2016;левове;15620;
MA;0;2017;левове;16653;
MA;0;2018;левове;18869;
MA;1;2008;левове;25714;
MA;1;2009;левове;31799;
MA;1;2010;левове;29496;
MA;1;2011;левове;28272;
MA;1;2012;левове;34049;
MA;1;2013;левове;36129;
MA;1;2014;левове;38619;
MA;1;2015;левове;38834;
MA;1;2016;левове;40869;
MA;1;2017;левове;42160;
MA;1;2018;левове;48434;
MA;2;2008;левове;12107;
MA;2;2009;левове;13129;
MA;2;2010;левове;13294;
MA;2;2011;левове;13700;
MA;2;2012;левове;14372;
MA;2;2013;левове;14835;
MA;2;2014;левове;15262;
MA;2;2015;левове;16293;
MA;2;2016;левове;16928;
MA;2;2017;левове;18049;
MA;2;2018;левове;20240;
MA;3;2008;левове;8007;
MA;3;2009;левове;8360;
MA;3;2010;левове;8625;
MA;3;2011;левове;8317;
MA;3;2012;левове;8741;
MA;3;2013;левове;8783;
MA;3;2014;левове;9275;
MA;3;2015;левове;9888;
MA;3;2016;левове;10550;
MA;3;2017;левове;11292;
MA;3;2018;левове;12162;
MA;4;2008;левове;4809;
MA;4;2009;левове;5386;
MA;4;2010;левове;5552;
MA;4;2011;левове;5365;
MA;4;2012;левове;5546;
MA;4;2013;левове;5608;
MA;4;2014;левове;5860;
MA;4;2015;левове;6139;
MA;4;2016;левове;6799;
MA;4;2017;левове;7426;
MA;4;2018;левове;8378;
MA;5;2008;левове;4682;
MA;5;2009;левове;4523;
MA;5;2010;левове;5487;
MA;5;2011;левове;5248;
MA;5;2012;левове;5067;
MA;5;2013;левове;5017;
MA;5;2014;левове;5756;
MA;5;2015;левове;5743;
MA;5;2016;левове;6648;
MA;5;2017;левове;7294;
MA;5;2018;левове;8647;
MA;6;2008;левове;4554;
MA;6;2009;левове;4290;
MA;6;2010;левове;5980;
MA;6;2011;левове;5691;
MA;6;2012;левове;6616;
MA;6;2013;левове;6223;
MA;6;2014;левове;6735;
MA;6;2015;левове;7408;
MA;6;2016;левове;6711;
MA;6;2017;левове;8368;
MA;6;2018;левове;9403;
MA;7;2008;левове;6973;
MA;7;2009;левове;12313;
MA;7;2010;левове;8291;
MA;7;2011;левове;8644;
MA;7;2012;левове;9231;
MA;7;2013;левове;9391;
MA;7;2014;левове;9123;
MA;7;2015;левове;9440;
MA;7;2016;левове;9534;
MA;7;2017;левове;10528;
MA;7;2018;левове;11684;
MA;8;2008;левове;6376;
MA;8;2009;левове;7253;
MA;8;2010;левове;7315;
MA;8;2011;левове;6873;
MA;8;2012;левове;9127;
MA;8;2013;левове;8388;
MA;8;2014;левове;8202;
MA;8;2015;левове;8824;
MA;8;2016;левове;9322;
MA;8;2017;левове;10438;
MA;8;2018;левове;12603;
MA;9;2008;левове;4315;
MA;9;2009;левове;4342;
MA;9;2010;левове;4605;
MA;9;2011;левове;4601;
MA;9;2012;левове;6375;
MA;9;2013;левове;6310;
MA;9;2014;левове;7222;
MA;9;2015;левове;6853;
MA;9;2016;левове;7387;
MA;9;2017;левове;7656;
MA;9;2018;левове;8354;
MB;0;2008;левове;7606;
MB;0;2009;левове;8492;
MB;0;2010;левове;8299;
MB;0;2011;левове;8665;
MB;0;2012;левове;9573;
MB;0;2013;левове;10744;
MB;0;2014;левове;14046;
MB;0;2015;левове;15714;
MB;0;2016;левове;15124;
MB;0;2017;левове;17238;
MB;0;2018;левове;19576;
MB;1;2008;левове;13627;
MB;1;2009;левове;16083;
MB;1;2010;левове;17337;
MB;1;2011;левове;19676;
MB;1;2012;левове;22725;
MB;1;2013;левове;24179;
MB;1;2014;левове;32669;
MB;1;2015;левове;37068;
MB;1;2016;левове;41561;
MB;1;2017;левове;40423;
MB;1;2018;левове;45278;
MB;2;2008;левове;8723;
MB;2;2009;левове;9579;
MB;2;2010;левове;8809;
MB;2;2011;левове;9165;
MB;2;2012;левове;9962;
MB;2;2013;левове;11232;
MB;2;2014;левове;15194;
MB;2;2015;левове;17053;
MB;2;2016;левове;15111;
MB;2;2017;левове;17284;
MB;2;2018;левове;19923;
MB;3;2008;левове;5835;
MB;3;2009;левове;6393;
MB;3;2010;левове;6918;
MB;3;2011;левове;6844;
MB;3;2012;левове;7692;
MB;3;2013;левове;8965;
MB;3;2014;левове;10531;
MB;3;2015;левове;11752;
MB;3;2016;левове;11662;
MB;3;2017;левове;13759;
MB;3;2018;левове;16479;
MB;4;2008;левове;6023;
MB;4;2009;левове;6759;
MB;4;2010;левове;6729;
MB;4;2011;левове;6544;
MB;4;2012;левове;6582;
MB;4;2013;левове;7043;
MB;4;2014;левове;7613;
MB;4;2015;левове;8490;
MB;4;2016;левове;10428;
MB;4;2017;левове;12259;
MB;4;2018;левове;14640;
MB;5;2008;левове;4599;
MB;5;2009;левове;4772;
MB;5;2010;левове;4718;
MB;5;2011;левове;4650;
MB;5;2012;левове;5198;
MB;5;2013;левове;5362;
MB;5;2014;левове;5559;
MB;5;2015;левове;6392;
MB;5;2016;левове;6758;
MB;5;2017;левове;7732;
MB;5;2018;левове;8729;
MB;6;2008;левове;4711;
MB;6;2009;левове;4857;
MB;6;2010;левове;5108;
MB;6;2011;левове;5112;
MB;6;2012;левове;5105;
MB;6;2013;левове;5318;
MB;6;2014;левове;5583;
MB;6;2015;левове;6024;
MB;6;2016;левове;6711;
MB;6;2017;левове;7379;
MB;6;2018;левове;8104;
MB;7;2008;левове;5538;
MB;7;2009;левове;6254;
MB;7;2010;левове;6689;
MB;7;2011;левове;6475;
MB;7;2012;левове;6959;
MB;7;2013;левове;7019;
MB;7;2014;левове;8255;
MB;7;2015;левове;9669;
MB;7;2016;левове;8203;
MB;7;2017;левове;9146;
MB;7;2018;левове;11705;
MB;8;2008;левове;5832;
MB;8;2009;левове;6140;
MB;8;2010;левове;6092;
MB;8;2011;левове;6485;
MB;8;2012;левове;6172;
MB;8;2013;левове;6773;
MB;8;2014;левове;7580;
MB;8;2015;левове;7702;
MB;8;2016;левове;9028;
MB;8;2017;левове;10756;
MB;8;2018;левове;11576;
MB;9;2008;левове;4140;
MB;9;2009;левове;4440;
MB;9;2010;левове;4624;
MB;9;2011;левове;4341;
MB;9;2012;левове;4986;
MB;9;2013;левове;5115;
MB;9;2014;левове;5281;
MB;9;2015;левове;5875;
MB;9;2016;левове;6472;
MB;9;2017;левове;7051;
MB;9;2018;левове;8137;
MC;0;2008;левове;9539;
MC;0;2009;левове;9924;
MC;0;2010;левове;10508;
MC;0;2011;левове;12166;
MC;0;2012;левове;13481;
MC;0;2013;левове;14910;
MC;0;2014;левове;15844;
MC;0;2015;левове;17427;
MC;0;2016;левове;18986;
MC;0;2017;левове;20170;
MC;0;2018;левове;22529;
MC;1;2008;левове;30626;
MC;1;2009;левове;24730;
MC;1;2010;левове;26185;
MC;1;2011;левове;29924;
MC;1;2012;левове;32920;
MC;1;2013;левове;35215;
MC;1;2014;левове;38824;
MC;1;2015;левове;42024;
MC;1;2016;левове;45895;
MC;1;2017;левове;47780;
MC;1;2018;левове;54090;
MC;2;2008;левове;12614;
MC;2;2009;левове;13830;
MC;2;2010;левове;14347;
MC;2;2011;левове;15923;
MC;2;2012;левове;18068;
MC;2;2013;левове;19021;
MC;2;2014;левове;19611;
MC;2;2015;левове;21040;
MC;2;2016;левове;23121;
MC;2;2017;левове;24700;
MC;2;2018;левове;27284;
MC;3;2008;левове;8781;
MC;3;2009;левове;10303;
MC;3;2010;левове;10335;
MC;3;2011;левове;11709;
MC;3;2012;левове;12149;
MC;3;2013;левове;13837;
MC;3;2014;левове;14199;
MC;3;2015;левове;16326;
MC;3;2016;левове;17750;
MC;3;2017;левове;18858;
MC;3;2018;левове;20688;
MC;4;2008;левове;5033;
MC;4;2009;левове;5965;
MC;4;2010;левове;5838;
MC;4;2011;левове;5969;
MC;4;2012;левове;6664;
MC;4;2013;левове;7842;
MC;4;2014;левове;8936;
MC;4;2015;левове;9611;
MC;4;2016;левове;10533;
MC;4;2017;левове;11144;
MC;4;2018;левове;12127;
MC;5;2008;левове;4195;
MC;5;2009;левове;4789;
MC;5;2010;левове;5161;
MC;5;2011;левове;5212;
MC;5;2012;левове;5328;
MC;5;2013;левове;5456;
MC;5;2014;левове;5867;
MC;5;2015;левове;6233;
MC;5;2016;левове;7441;
MC;5;2017;левове;8497;
MC;5;2018;левове;9166;
MC;6;2008;левове;3574;
MC;6;2009;левове;5680;
MC;6;2010;левове;5303;
MC;6;2011;левове;3568;
MC;6;2012;левове;4312;
MC;6;2013;левове;5208;
MC;6;2014;левове;4148;
MC;6;2015;левове;5075;
MC;6;2016;левове;5374;
MC;6;2017;левове;5890;
MC;6;2018;левове;7437;
MC;7;2008;левове;4708;
MC;7;2009;левове;4699;
MC;7;2010;левове;5139;
MC;7;2011;левове;5600;
MC;7;2012;левове;5819;
MC;7;2013;левове;6289;
MC;7;2014;левове;6529;
MC;7;2015;левове;6773;
MC;7;2016;левове;7466;
MC;7;2017;левове;9038;
MC;7;2018;левове;9472;
MC;8;2008;левове;4550;
MC;8;2009;левове;5155;
MC;8;2010;левове;4973;
MC;8;2011;левове;5204;
MC;8;2012;левове;5531;
MC;8;2013;левове;6907;
MC;8;2014;левове;7509;
MC;8;2015;левове;8205;
MC;8;2016;левове;8698;
MC;8;2017;левове;9270;
MC;8;2018;левове;10244;
MC;9;2008;левове;3573;
MC;9;2009;левове;3800;
MC;9;2010;левове;3813;
MC;9;2011;левове;4208;
MC;9;2012;левове;4050;
MC;9;2013;левове;4322;
MC;9;2014;левове;4879;
MC;9;2015;левове;5617;
MC;9;2016;левове;6454;
MC;9;2017;левове;6891;
MC;9;2018;левове;7517;
N;0;2008;левове;4018;
N;0;2009;левове;4648;
N;0;2010;левове;5102;
N;0;2011;левове;5502;
N;0;2012;левове;5740;
N;0;2013;левове;6241;
N;0;2014;левове;7130;
N;0;2015;левове;8155;
N;0;2016;левове;9008;
N;0;2017;левове;10018;
N;0;2018;левове;11104;
N;1;2008;левове;15856;
N;1;2009;левове;17901;
N;1;2010;левове;20009;
N;1;2011;левове;23295;
N;1;2012;левове;24998;
N;1;2013;левове;26055;
N;1;2014;левове;30990;
N;1;2015;левове;32629;
N;1;2016;левове;38756;
N;1;2017;левове;39055;
N;1;2018;левове;45509;
N;2;2008;левове;11174;
N;2;2009;левове;12700;
N;2;2010;левове;12695;
N;2;2011;левове;14562;
N;2;2012;левове;14113;
N;2;2013;левове;14617;
N;2;2014;левове;15732;
N;2;2015;левове;18516;
N;2;2016;левове;21116;
N;2;2017;левове;22829;
N;2;2018;левове;24991;
N;3;2008;левове;7681;
N;3;2009;левове;9494;
N;3;2010;левове;9919;
N;3;2011;левове;11148;
N;3;2012;левове;11296;
N;3;2013;левове;11185;
N;3;2014;левове;13042;
N;3;2015;левове;14496;
N;3;2016;левове;15108;
N;3;2017;левове;16753;
N;3;2018;левове;18076;
N;4;2008;левове;5084;
N;4;2009;левове;5468;
N;4;2010;левове;5764;
N;4;2011;левове;6788;
N;4;2012;левове;7387;
N;4;2013;левове;8029;
N;4;2014;левове;9205;
N;4;2015;левове;10548;
N;4;2016;левове;11936;
N;4;2017;левове;13139;
N;4;2018;левове;14308;
N;5;2008;левове;3387;
N;5;2009;левове;3928;
N;5;2010;левове;4216;
N;5;2011;левове;4340;
N;5;2012;левове;4582;
N;5;2013;левове;4792;
N;5;2014;левове;5016;
N;5;2015;левове;5512;
N;5;2016;левове;5967;
N;5;2017;левове;6508;
N;5;2018;левове;7099;
N;6;2008;левове;4272;
N;6;2009;левове;4338;
N;6;2010;левове;3856;
N;6;2011;левове;4833;
N;6;2012;левове;5048;
N;6;2013;левове;13323;
N;6;2014;левове;19567;
N;6;2015;левове;23473;
N;6;2016;левове;18283;
N;6;2017;левове;16868;
N;6;2018;левове;20641;
N;7;2008;левове;5166;
N;7;2009;левове;5509;
N;7;2010;левове;5560;
N;7;2011;левове;5457;
N;7;2012;левове;5844;
N;7;2013;левове;7158;
N;7;2014;левове;6960;
N;7;2015;левове;8080;
N;7;2016;левове;9819;
N;7;2017;левове;9992;
N;7;2018;левове;11162;
N;8;2008;левове;4651;
N;8;2009;левове;5156;
N;8;2010;левове;5187;
N;8;2011;левове;5658;
N;8;2012;левове;6069;
N;8;2013;левове;6771;
N;8;2014;левове;7285;
N;8;2015;левове;7535;
N;8;2016;левове;7138;
N;8;2017;левове;8794;
N;8;2018;левове;9813;
N;9;2008;левове;2955;
N;9;2009;левове;3350;
N;9;2010;левове;3522;
N;9;2011;левове;3519;
N;9;2012;левове;3900;
N;9;2013;левове;4466;
N;9;2014;левове;4521;
N;9;2015;левове;5384;
N;9;2016;левове;5803;
N;9;2017;левове;6484;
N;9;2018;левове;7212;
O;0;2008;левове;9130;
O;0;2009;левове;9588;
O;0;2010;левове;10141;
O;0;2011;левове;10554;
O;0;2012;левове;10713;
O;0;2013;левове;11317;
O;0;2014;левове;11762;
O;0;2015;левове;12014;
O;0;2016;левове;12909;
O;0;2017;левове;13881;
O;0;2018;левове;15149;
O;1;2008;левове;14827;
O;1;2009;левове;15836;
O;1;2010;левове;15461;
O;1;2011;левове;15733;
O;1;2012;левове;15480;
O;1;2013;левове;16253;
O;1;2014;левове;17171;
O;1;2015;левове;17688;
O;1;2016;левове;18913;
O;1;2017;левове;20135;
O;1;2018;левове;21848;
O;2;2008;левове;11012;
O;2;2009;левове;11564;
O;2;2010;левове;11888;
O;2;2011;левове;12366;
O;2;2012;левове;12521;
O;2;2013;левове;12938;
O;2;2014;левове;13261;
O;2;2015;левове;13405;
O;2;2016;левове;14445;
O;2;2017;левове;15497;
O;2;2018;левове;16919;
O;3;2008;левове;7393;
O;3;2009;левове;8007;
O;3;2010;левове;8208;
O;3;2011;левове;8212;
O;3;2012;левове;8403;
O;3;2013;левове;8781;
O;3;2014;левове;9300;
O;3;2015;левове;9684;
O;3;2016;левове;10360;
O;3;2017;левове;10917;
O;3;2018;левове;11779;
O;4;2008;левове;7536;
O;4;2009;левове;7600;
O;4;2010;левове;7722;
O;4;2011;левове;7931;
O;4;2012;левове;7890;
O;4;2013;левове;8533;
O;4;2014;левове;8772;
O;4;2015;левове;8915;
O;4;2016;левове;9810;
O;4;2017;левове;10586;
O;4;2018;левове;11353;
O;5;2008;левове;4960;
O;5;2009;левове;5257;
O;5;2010;левове;6388;
O;5;2011;левове;6578;
O;5;2012;левове;6643;
O;5;2013;левове;7310;
O;5;2014;левове;7861;
O;5;2015;левове;8831;
O;5;2016;левове;8577;
O;5;2017;левове;10049;
O;5;2018;левове;11289;
O;6;2008;левове;4191;
O;6;2009;левове;5898;
O;6;2010;левове;5560;
O;6;2011;левове;4300;
O;6;2012;левове;5059;
O;6;2013;левове;7249;
O;6;2014;левове;7764;
O;6;2015;левове;7998;
O;6;2016;левове;7367;
O;6;2017;левове;8043;
O;6;2018;левове;6756;
O;7;2008;левове;5751;
O;7;2009;левове;6622;
O;7;2010;левове;7127;
O;7;2011;левове;6536;
O;7;2012;левове;6754;
O;7;2013;левове;7649;
O;7;2014;левове;7744;
O;7;2015;левове;7801;
O;7;2016;левове;8355;
O;7;2017;левове;8504;
O;7;2018;левове;10314;
O;8;2008;левове;6304;
O;8;2009;левове;7090;
O;8;2010;левове;6999;
O;8;2011;левове;7224;
O;8;2012;левове;7288;
O;8;2013;левове;7725;
O;8;2014;левове;8170;
O;8;2015;левове;8445;
O;8;2016;левове;8954;
O;8;2017;левове;9733;
O;8;2018;левове;10552;
O;9;2008;левове;4249;
O;9;2009;левове;4604;
O;9;2010;левове;5106;
O;9;2011;левове;5153;
O;9;2012;левове;5320;
O;9;2013;левове;5664;
O;9;2014;левове;6169;
O;9;2015;левове;6205;
O;9;2016;левове;6735;
O;9;2017;левове;7331;
O;9;2018;левове;7956;
P;0;2008;левове;6976;
P;0;2009;левове;7852;
P;0;2010;левове;8274;
P;0;2011;левове;8390;
P;0;2012;левове;8649;
P;0;2013;левове;9436;
P;0;2014;левове;9799;
P;0;2015;левове;10235;
P;0;2016;левове;10792;
P;0;2017;левове;12114;
P;0;2018;левове;13344;
P;1;2008;левове;12011;
P;1;2009;левове;13528;
P;1;2010;левове;14367;
P;1;2011;левове;14574;
P;1;2012;левове;15461;
P;1;2013;левове;17225;
P;1;2014;левове;18456;
P;1;2015;левове;19260;
P;1;2016;левове;19802;
P;1;2017;левове;21836;
P;1;2018;левове;23625;
P;2;2008;левове;8027;
P;2;2009;левове;9089;
P;2;2010;левове;9586;
P;2;2011;левове;9556;
P;2;2012;левове;9736;
P;2;2013;левове;10553;
P;2;2014;левове;10873;
P;2;2015;левове;11272;
P;2;2016;левове;11805;
P;2;2017;левове;13284;
P;2;2018;левове;14602;
P;3;2008;левове;6324;
P;3;2009;левове;7208;
P;3;2010;левове;7519;
P;3;2011;левове;8153;
P;3;2012;левове;8425;
P;3;2013;левове;9251;
P;3;2014;левове;9596;
P;3;2015;левове;9808;
P;3;2016;левове;10606;
P;3;2017;левове;11761;
P;3;2018;левове;13091;
P;4;2008;левове;5050;
P;4;2009;левове;5596;
P;4;2010;левове;5928;
P;4;2011;левове;5988;
P;4;2012;левове;6304;
P;4;2013;левове;6835;
P;4;2014;левове;7165;
P;4;2015;левове;7543;
P;4;2016;левове;7891;
P;4;2017;левове;8939;
P;4;2018;левове;9923;
P;5;2008;левове;4074;
P;5;2009;левове;4392;
P;5;2010;левове;4549;
P;5;2011;левове;4700;
P;5;2012;левове;4863;
P;5;2013;левове;5361;
P;5;2014;левове;5629;
P;5;2015;левове;6006;
P;5;2016;левове;6561;
P;5;2017;левове;7272;
P;5;2018;левове;8130;
P;6;2008;левове;4803;
P;6;2009;левове;4903;
P;6;2010;левове;5652;
P;6;2011;левове;4552;
P;6;2012;левове;4872;
P;6;2013;левове;7151;
P;6;2014;левове;5766;
P;6;2015;левове;6641;
P;6;2016;левове;6982;
P;6;2017;левове;8115;
P;6;2018;левове;8324;
P;7;2008;левове;4818;
P;7;2009;левове;5314;
P;7;2010;левове;5355;
P;7;2011;левове;5717;
P;7;2012;левове;5723;
P;7;2013;левове;6312;
P;7;2014;левове;6719;
P;7;2015;левове;7224;
P;7;2016;левове;7570;
P;7;2017;левове;8581;
P;7;2018;левове;9726;
P;8;2008;левове;4279;
P;8;2009;левове;4715;
P;8;2010;левове;4836;
P;8;2011;левове;4983;
P;8;2012;левове;5154;
P;8;2013;левове;5715;
P;8;2014;левове;5937;
P;8;2015;левове;6381;
P;8;2016;левове;6908;
P;8;2017;левове;7689;
P;8;2018;левове;8661;
P;9;2008;левове;3968;
P;9;2009;левове;4359;
P;9;2010;левове;4545;
P;9;2011;левове;4629;
P;9;2012;левове;4829;
P;9;2013;левове;5306;
P;9;2014;левове;5605;
P;9;2015;левове;6045;
P;9;2016;левове;6563;
P;9;2017;левове;7322;
P;9;2018;левове;8087;
QA;0;2008;левове;7760;
QA;0;2009;левове;8888;
QA;0;2010;левове;9004;
QA;0;2011;левове;9391;
QA;0;2012;левове;10176;
QA;0;2013;левове;11026;
QA;0;2014;левове;11840;
QA;0;2015;левове;12375;
QA;0;2016;левове;13276;
QA;0;2017;левове;14306;
QA;0;2018;левове;15683;
QA;1;2008;левове;16520;
QA;1;2009;левове;19160;
QA;1;2010;левове;19021;
QA;1;2011;левове;18651;
QA;1;2012;левове;19968;
QA;1;2013;левове;22301;
QA;1;2014;левове;24249;
QA;1;2015;левове;24656;
QA;1;2016;левове;26341;
QA;1;2017;левове;27878;
QA;1;2018;левове;32245;
QA;2;2008;левове;12147;
QA;2;2009;левове;14356;
QA;2;2010;левове;13711;
QA;2;2011;левове;10986;
QA;2;2012;левове;11739;
QA;2;2013;левове;12630;
QA;2;2014;левове;13646;
QA;2;2015;левове;14149;
QA;2;2016;левове;15163;
QA;2;2017;левове;16381;
QA;2;2018;левове;17822;
QA;3;2008;левове;6976;
QA;3;2009;левове;7827;
QA;3;2010;левове;8090;
QA;3;2011;левове;7998;
QA;3;2012;левове;8781;
QA;3;2013;левове;9776;
QA;3;2014;левове;9896;
QA;3;2015;левове;10291;
QA;3;2016;левове;11182;
QA;3;2017;левове;11575;
QA;3;2018;левове;12316;
QA;4;2008;левове;5689;
QA;4;2009;левове;6263;
QA;4;2010;левове;6672;
QA;4;2011;левове;6997;
QA;4;2012;левове;7063;
QA;4;2013;левове;7142;
QA;4;2014;левове;7425;
QA;4;2015;левове;7926;
QA;4;2016;левове;7970;
QA;4;2017;левове;8777;
QA;4;2018;левове;9521;
QA;5;2008;левове;4368;
QA;5;2009;левове;4769;
QA;5;2010;левове;5296;
QA;5;2011;левове;4907;
QA;5;2012;левове;5454;
QA;5;2013;левове;5847;
QA;5;2014;левове;6246;
QA;5;2015;левове;6627;
QA;5;2016;левове;7256;
QA;5;2017;левове;7838;
QA;5;2018;левове;8529;
QA;6;2008;левове;5459;
QA;6;2009;левове;4966;
QA;6;2010;левове;5816;
QA;6;2011;левове;5354;
QA;6;2012;левове;5519;
QA;6;2013;левове;4963;
QA;6;2014;левове;5434;
QA;6;2015;левове;5909;
QA;6;2016;левове;8388;
QA;6;2017;левове;8551;
QA;6;2018;левове;10045;
QA;7;2008;левове;4874;
QA;7;2009;левове;5660;
QA;7;2010;левове;5870;
QA;7;2011;левове;5918;
QA;7;2012;левове;6580;
QA;7;2013;левове;7057;
QA;7;2014;левове;7367;
QA;7;2015;левове;8063;
QA;7;2016;левове;7710;
QA;7;2017;левове;8546;
QA;7;2018;левове;9397;
QA;8;2008;левове;5187;
QA;8;2009;левове;5786;
QA;8;2010;левове;5831;
QA;8;2011;левове;5872;
QA;8;2012;левове;6602;
QA;8;2013;левове;7069;
QA;8;2014;левове;7527;
QA;8;2015;левове;8318;
QA;8;2016;левове;8886;
QA;8;2017;левове;9813;
QA;8;2018;левове;10689;
QA;9;2008;левове;3952;
QA;9;2009;левове;4464;
QA;9;2010;левове;4278;
QA;9;2011;левове;4649;
QA;9;2012;левове;5258;
QA;9;2013;левове;5543;
QA;9;2014;левове;6050;
QA;9;2015;левове;7067;
QA;9;2016;левове;7254;
QA;9;2017;левове;7963;
QA;9;2018;левове;8726;
QB;0;2008;левове;4636;
QB;0;2009;левове;4939;
QB;0;2010;левове;5141;
QB;0;2011;левове;5130;
QB;0;2012;левове;5318;
QB;0;2013;левове;5786;
QB;0;2014;левове;6285;
QB;0;2015;левове;6686;
QB;0;2016;левове;7153;
QB;0;2017;левове;7927;
QB;0;2018;левове;8784;
QB;1;2008;левове;8189;
QB;1;2009;левове;8501;
QB;1;2010;левове;8367;
QB;1;2011;левове;8874;
QB;1;2012;левове;8665;
QB;1;2013;левове;9547;
QB;1;2014;левове;10535;
QB;1;2015;левове;10639;
QB;1;2016;левове;11177;
QB;1;2017;левове;12775;
QB;1;2018;левове;13944;
QB;2;2008;левове;5929;
QB;2;2009;левове;6223;
QB;2;2010;левове;6326;
QB;2;2011;левове;6259;
QB;2;2012;левове;6363;
QB;2;2013;левове;6883;
QB;2;2014;левове;7335;
QB;2;2015;левове;7549;
QB;2;2016;левове;8029;
QB;2;2017;левове;8531;
QB;2;2018;левове;9623;
QB;3;2008;левове;5472;
QB;3;2009;левове;5877;
QB;3;2010;левове;5910;
QB;3;2011;левове;5988;
QB;3;2012;левове;6159;
QB;3;2013;левове;6729;
QB;3;2014;левове;7271;
QB;3;2015;левове;7708;
QB;3;2016;левове;7782;
QB;3;2017;левове;8227;
QB;3;2018;левове;8988;
QB;4;2008;левове;4540;
QB;4;2009;левове;5203;
QB;4;2010;левове;5076;
QB;4;2011;левове;5301;
QB;4;2012;левове;5340;
QB;4;2013;левове;5701;
QB;4;2014;левове;6131;
QB;4;2015;левове;6635;
QB;4;2016;левове;6923;
QB;4;2017;левове;7506;
QB;4;2018;левове;8264;
QB;5;2008;левове;3664;
QB;5;2009;левове;3907;
QB;5;2010;левове;4175;
QB;5;2011;левове;4069;
QB;5;2012;левове;4392;
QB;5;2013;левове;4835;
QB;5;2014;левове;5261;
QB;5;2015;левове;5862;
QB;5;2016;левове;6459;
QB;5;2017;левове;7451;
QB;5;2018;левове;8202;
QB;6;2008;левове;4360;
QB;6;2009;левове;5595;
QB;6;2010;левове;6225;
QB;6;2011;левове;7510;
QB;6;2012;левове;5484;
QB;6;2013;левове;4638;
QB;6;2014;левове;4902;
QB;6;2015;левове;6812;
QB;6;2016;левове;5928;
QB;6;2017;левове;6728;
QB;6;2018;левове;7662;
QB;7;2008;левове;4517;
QB;7;2009;левове;4974;
QB;7;2010;левове;5268;
QB;7;2011;левове;4770;
QB;7;2012;левове;4494;
QB;7;2013;левове;5155;
QB;7;2014;левове;5340;
QB;7;2015;левове;5642;
QB;7;2016;левове;6231;
QB;7;2017;левове;6874;
QB;7;2018;левове;7675;
QB;8;2008;левове;4319;
QB;8;2009;левове;4638;
QB;8;2010;левове;4557;
QB;8;2011;левове;4841;
QB;8;2012;левове;4939;
QB;8;2013;левове;5331;
QB;8;2014;левове;5782;
QB;8;2015;левове;6017;
QB;8;2016;левове;6588;
QB;8;2017;левове;7330;
QB;8;2018;левове;7956;
QB;9;2008;левове;3692;
QB;9;2009;левове;3850;
QB;9;2010;левове;4075;
QB;9;2011;левове;4119;
QB;9;2012;левове;4278;
QB;9;2013;левове;4698;
QB;9;2014;левове;5096;
QB;9;2015;левове;5404;
QB;9;2016;левове;5903;
QB;9;2017;левове;6458;
QB;9;2018;левове;7336;
R;0;2008;левове;5582;
R;0;2009;левове;6409;
R;0;2010;левове;6737;
R;0;2011;левове;7027;
R;0;2012;левове;7685;
R;0;2013;левове;8196;
R;0;2014;левове;8746;
R;0;2015;левове;8718;
R;0;2016;левове;9714;
R;0;2017;левове;10482;
R;0;2018;левове;11673;
R;1;2008;левове;10813;
R;1;2009;левове;12627;
R;1;2010;левове;12999;
R;1;2011;левове;12356;
R;1;2012;левове;12455;
R;1;2013;левове;13057;
R;1;2014;левове;15509;
R;1;2015;левове;14853;
R;1;2016;левове;16348;
R;1;2017;левове;18261;
R;1;2018;левове;19484;
R;2;2008;левове;6324;
R;2;2009;левове;6934;
R;2;2010;левове;8007;
R;2;2011;левове;8172;
R;2;2012;левове;8361;
R;2;2013;левове;8459;
R;2;2014;левове;8893;
R;2;2015;левове;8763;
R;2;2016;левове;9446;
R;2;2017;левове;10264;
R;2;2018;левове;11413;
R;3;2008;левове;8311;
R;3;2009;левове;9940;
R;3;2010;левове;9174;
R;3;2011;левове;10529;
R;3;2012;левове;12768;
R;3;2013;левове;14858;
R;3;2014;левове;16038;
R;3;2015;левове;14998;
R;3;2016;левове;17386;
R;3;2017;левове;18054;
R;3;2018;левове;19849;
R;4;2008;левове;4325;
R;4;2009;левове;4914;
R;4;2010;левове;5126;
R;4;2011;левове;5280;
R;4;2012;левове;5666;
R;4;2013;левове;6026;
R;4;2014;левове;6417;
R;4;2015;левове;6771;
R;4;2016;левове;7467;
R;4;2017;левове;8039;
R;4;2018;левове;9035;
R;5;2008;левове;4125;
R;5;2009;левове;4597;
R;5;2010;левове;4937;
R;5;2011;левове;4821;
R;5;2012;левове;5289;
R;5;2013;левове;5515;
R;5;2014;левове;5612;
R;5;2015;левове;6090;
R;5;2016;левове;6798;
R;5;2017;левове;7157;
R;5;2018;левове;8004;
R;6;2008;левове;4516;
R;6;2009;левове;3864;
R;6;2010;левове;4366;
R;6;2011;левове;6167;
R;6;2012;левове;4789;
R;6;2013;левове;4773;
R;6;2014;левове;4681;
R;6;2015;левове;5086;
R;6;2016;левове;7124;
R;6;2017;левове;6361;
R;6;2018;левове;6656;
R;7;2008;левове;4960;
R;7;2009;левове;5834;
R;7;2010;левове;6014;
R;7;2011;левове;5246;
R;7;2012;левове;6009;
R;7;2013;левове;5954;
R;7;2014;левове;7090;
R;7;2015;левове;7331;
R;7;2016;левове;8021;
R;7;2017;левове;8950;
R;7;2018;левове;9296;
R;8;2008;левове;6233;
R;8;2009;левове;5666;
R;8;2010;левове;5730;
R;8;2011;левове;6072;
R;8;2012;левове;7303;
R;8;2013;левове;7687;
R;8;2014;левове;7643;
R;8;2015;левове;8001;
R;8;2016;левове;8590;
R;8;2017;левове;9553;
R;8;2018;левове;10388;
R;9;2008;левове;3611;
R;9;2009;левове;4077;
R;9;2010;левове;4287;
R;9;2011;левове;4362;
R;9;2012;левове;4681;
R;9;2013;левове;5049;
R;9;2014;левове;5380;
R;9;2015;левове;5639;
R;9;2016;левове;6485;
R;9;2017;левове;6991;
R;9;2018;левове;8197;
S;0;2008;левове;4883;
S;0;2009;левове;5478;
S;0;2010;левове;5680;
S;0;2011;левове;5910;
S;0;2012;левове;6203;
S;0;2013;левове;6491;
S;0;2014;левове;6937;
S;0;2015;левове;7154;
S;0;2016;левове;7579;
S;0;2017;левове;8400;
S;0;2018;левове;9253;
S;1;2008;левове;11359;
S;1;2009;левове;12556;
S;1;2010;левове;12450;
S;1;2011;левове;12750;
S;1;2012;левове;13187;
S;1;2013;левове;14037;
S;1;2014;левове;14795;
S;1;2015;левове;15403;
S;1;2016;левове;16277;
S;1;2017;левове;18150;
S;1;2018;левове;18871;
S;2;2008;левове;6926;
S;2;2009;левове;7254;
S;2;2010;левове;7991;
S;2;2011;левове;7897;
S;2;2012;левове;8016;
S;2;2013;левове;8518;
S;2;2014;левове;9128;
S;2;2015;левове;9113;
S;2;2016;левове;9729;
S;2;2017;левове;10544;
S;2;2018;левове;11886;
S;3;2008;левове;4629;
S;3;2009;левове;5243;
S;3;2010;левове;5676;
S;3;2011;левове;5851;
S;3;2012;левове;6237;
S;3;2013;левове;6364;
S;3;2014;левове;6928;
S;3;2015;левове;7287;
S;3;2016;левове;7516;
S;3;2017;левове;8271;
S;3;2018;левове;9288;
S;4;2008;левове;4470;
S;4;2009;левове;5014;
S;4;2010;левове;5292;
S;4;2011;левове;5221;
S;4;2012;левове;5365;
S;4;2013;левове;5505;
S;4;2014;левове;5736;
S;4;2015;левове;6053;
S;4;2016;левове;6410;
S;4;2017;левове;6985;
S;4;2018;левове;7745;
S;5;2008;левове;3274;
S;5;2009;левове;3631;
S;5;2010;левове;3632;
S;5;2011;левове;3799;
S;5;2012;левове;4010;
S;5;2013;левове;4086;
S;5;2014;левове;4347;
S;5;2015;левове;4672;
S;5;2016;левове;5114;
S;5;2017;левове;5665;
S;5;2018;левове;6219;
S;6;2008;левове;4597;
S;6;2009;левове;4796;
S;6;2010;левове;5422;
S;6;2011;левове;4825;
S;6;2012;левове;5273;
S;6;2013;левове;5490;
S;6;2014;левове;5735;
S;6;2015;левове;5804;
S;6;2016;левове;6870;
S;6;2017;левове;7363;
S;6;2018;левове;8071;
S;7;2008;левове;3885;
S;7;2009;левове;4399;
S;7;2010;левове;4297;
S;7;2011;левове;4360;
S;7;2012;левове;4514;
S;7;2013;левове;4786;
S;7;2014;левове;5133;
S;7;2015;левове;5472;
S;7;2016;левове;5954;
S;7;2017;левове;7055;
S;7;2018;левове;7552;
S;8;2008;левове;3941;
S;8;2009;левове;4256;
S;8;2010;левове;4338;
S;8;2011;левове;4655;
S;8;2012;левове;4705;
S;8;2013;левове;4837;
S;8;2014;левове;5176;
S;8;2015;левове;5302;
S;8;2016;левове;5925;
S;8;2017;левове;6557;
S;8;2018;левове;7160;
S;9;2008;левове;3084;
S;9;2009;левове;3429;
S;9;2010;левове;3642;
S;9;2011;левове;3686;
S;9;2012;левове;3979;
S;9;2013;левове;4154;
S;9;2014;левове;4304;
S;9;2015;левове;4554;
S;9;2016;левове;5014;
S;9;2017;левове;5565;
S;9;2018;левове;6069;
