;;;брой лица в хиляди;
Общо;BG311;2003Q1;30.6;
Общо;BG311;2003Q2;35.6;
Общо;BG311;2003Q3;36.2;
Общо;BG311;2003Q4;32.3;
Общо;BG311;2004Q1;33.1;
Общо;BG311;2004Q2;33.9;
Общо;BG311;2004Q3;31.9;
Общо;BG311;2004Q4;30.5;
Общо;BG311;2005Q1;29.3;
Общо;BG311;2005Q2;32.6;
Общо;BG311;2005Q3;32.3;
Общо;BG311;2005Q4;30.1;
Общо;BG311;2006Q1;29.7;
Общо;BG311;2006Q2;33.5;
Общо;BG311;2006Q3;34.7;
Общо;BG311;2006Q4;36.4;
Общо;BG311;2007Q1;33.6;
Общо;BG311;2007Q2;37.6;
Общо;BG311;2007Q3;40.7;
Общо;BG311;2007Q4;38.8;
Общо;BG311;2008Q1;37.9;
Общо;BG311;2008Q2;37.6;
Общо;BG311;2008Q3;40.4;
Общо;BG311;2008Q4;38.9;
Общо;BG311;2009Q1;34.9;
Общо;BG311;2009Q2;34.5;
Общо;BG311;2009Q3;35.1;
Общо;BG311;2009Q4;36.8;
Общо;BG311;2010Q1;33.3;
Общо;BG311;2010Q2;32.0;
Общо;BG311;2010Q3;32.5;
Общо;BG311;2010Q4;33.5;
Общо;BG311;2011Q1;33.0;
Общо;BG311;2011Q2;29.7;
Общо;BG311;2011Q3;30.6;
Общо;BG311;2011Q4;33.6;
Общо;BG311;2012Q1;32.9;
Общо;BG311;2012Q2;32.2;
Общо;BG311;2012Q3;30.8;
Общо;BG311;2012Q4;31.8;
Общо;BG311;2013Q1;33.7;
Общо;BG311;2013Q2;34.3;
Общо;BG311;2013Q3;32.7;
Общо;BG311;2013Q4;33.7;
Общо;BG311;2014Q1;34.9;
Общо;BG311;2014Q2;32.3;
Общо;BG311;2014Q3;30.5;
Общо;BG311;2014Q4;30.8;
Общо;BG311;2015Q1;32.9;
Общо;BG311;2015Q2;33.8;
Общо;BG311;2015Q3;33.2;
Общо;BG311;2015Q4;33.1;
Общо;BG311;2016Q1;30.7;
Общо;BG311;2016Q2;28.9;
Общо;BG311;2016Q3;31.9;
Общо;BG311;2016Q4;32.8;
Общо;BG311;2017Q1;31.5;
Общо;BG311;2017Q2;30.6;
Общо;BG311;2017Q3;27.5;
Общо;BG311;2017Q4;29.1;
Общо;BG311;2018Q1;30.7;
Общо;BG311;2018Q2;31.0;
Общо;BG311;2018Q3;29.7;
Общо;BG311;2018Q4;29.5;
Общо;BG311;2019Q1;28.8;
Общо;BG311;2019Q2;27.4;
Общо;BG311;2019Q3;28.5;
Общо;BG313;2003Q1;70.6;
Общо;BG313;2003Q2;62.6;
Общо;BG313;2003Q3;63.4;
Общо;BG313;2003Q4;63.4;
Общо;BG313;2004Q1;61.0;
Общо;BG313;2004Q2;65.6;
Общо;BG313;2004Q3;71.1;
Общо;BG313;2004Q4;73.7;
Общо;BG313;2005Q1;59.5;
Общо;BG313;2005Q2;65.9;
Общо;BG313;2005Q3;68.7;
Общо;BG313;2005Q4;68.0;
Общо;BG313;2006Q1;66.4;
Общо;BG313;2006Q2;69.6;
Общо;BG313;2006Q3;70.2;
Общо;BG313;2006Q4;72.4;
Общо;BG313;2007Q1;68.5;
Общо;BG313;2007Q2;76.4;
Общо;BG313;2007Q3;78.7;
Общо;BG313;2007Q4;77.2;
Общо;BG313;2008Q1;74.2;
Общо;BG313;2008Q2;75.1;
Общо;BG313;2008Q3;76.6;
Общо;BG313;2008Q4;78.3;
Общо;BG313;2009Q1;74.8;
Общо;BG313;2009Q2;70.1;
Общо;BG313;2009Q3;72.5;
Общо;BG313;2009Q4;73.6;
Общо;BG313;2010Q1;68.9;
Общо;BG313;2010Q2;68.2;
Общо;BG313;2010Q3;66.6;
Общо;BG313;2010Q4;65.1;
Общо;BG313;2011Q1;64.0;
Общо;BG313;2011Q2;66.8;
Общо;BG313;2011Q3;66.6;
Общо;BG313;2011Q4;66.3;
Общо;BG313;2012Q1;64.3;
Общо;BG313;2012Q2;60.2;
Общо;BG313;2012Q3;62.3;
Общо;BG313;2012Q4;65.2;
Общо;BG313;2013Q1;61.8;
Общо;BG313;2013Q2;59.8;
Общо;BG313;2013Q3;63.3;
Общо;BG313;2013Q4;60.4;
Общо;BG313;2014Q1;57.5;
Общо;BG313;2014Q2;60.4;
Общо;BG313;2014Q3;63.0;
Общо;BG313;2014Q4;60.6;
Общо;BG313;2015Q1;56.4;
Общо;BG313;2015Q2;57.8;
Общо;BG313;2015Q3;56.8;
Общо;BG313;2015Q4;54.5;
Общо;BG313;2016Q1;52.3;
Общо;BG313;2016Q2;56.8;
Общо;BG313;2016Q3;56.2;
Общо;BG313;2016Q4;53.7;
Общо;BG313;2017Q1;55.9;
Общо;BG313;2017Q2;60.7;
Общо;BG313;2017Q3;60.8;
Общо;BG313;2017Q4;59.0;
Общо;BG313;2018Q1;58.8;
Общо;BG313;2018Q2;57.5;
Общо;BG313;2018Q3;56.3;
Общо;BG313;2018Q4;54.9;
Общо;BG313;2019Q1;56.4;
Общо;BG313;2019Q2;60.9;
Общо;BG313;2019Q3;65.0;
Общо;BG315;2003Q1;53.8;
Общо;BG315;2003Q2;53.7;
Общо;BG315;2003Q3;58.1;
Общо;BG315;2003Q4;56.9;
Общо;BG315;2004Q1;49.7;
Общо;BG315;2004Q2;52.4;
Общо;BG315;2004Q3;58.2;
Общо;BG315;2004Q4;55.5;
Общо;BG315;2005Q1;52.0;
Общо;BG315;2005Q2;54.3;
Общо;BG315;2005Q3;58.0;
Общо;BG315;2005Q4;54.4;
Общо;BG315;2006Q1;58.2;
Общо;BG315;2006Q2;58.5;
Общо;BG315;2006Q3;61.2;
Общо;BG315;2006Q4;64.5;
Общо;BG315;2007Q1;66.2;
Общо;BG315;2007Q2;64.7;
Общо;BG315;2007Q3;63.3;
Общо;BG315;2007Q4;66.5;
Общо;BG315;2008Q1;67.3;
Общо;BG315;2008Q2;65.1;
Общо;BG315;2008Q3;61.9;
Общо;BG315;2008Q4;64.4;
Общо;BG315;2009Q1;66.0;
Общо;BG315;2009Q2;64.1;
Общо;BG315;2009Q3;63.9;
Общо;BG315;2009Q4;60.1;
Общо;BG315;2010Q1;55.9;
Общо;BG315;2010Q2;57.4;
Общо;BG315;2010Q3;58.1;
Общо;BG315;2010Q4;56.7;
Общо;BG315;2011Q1;48.3;
Общо;BG315;2011Q2;48.8;
Общо;BG315;2011Q3;50.8;
Общо;BG315;2011Q4;51.1;
Общо;BG315;2012Q1;46.4;
Общо;BG315;2012Q2;43.8;
Общо;BG315;2012Q3;46.6;
Общо;BG315;2012Q4;46.6;
Общо;BG315;2013Q1;42.8;
Общо;BG315;2013Q2;41.7;
Общо;BG315;2013Q3;46.8;
Общо;BG315;2013Q4;47.0;
Общо;BG315;2014Q1;41.3;
Общо;BG315;2014Q2;40.3;
Общо;BG315;2014Q3;44.4;
Общо;BG315;2014Q4;45.6;
Общо;BG315;2015Q1;43.3;
Общо;BG315;2015Q2;47.0;
Общо;BG315;2015Q3;46.5;
Общо;BG315;2015Q4;42.3;
Общо;BG315;2016Q1;42.5;
Общо;BG315;2016Q2;46.5;
Общо;BG315;2016Q3;40.9;
Общо;BG315;2016Q4;37.4;
Общо;BG315;2017Q1;40.2;
Общо;BG315;2017Q2;44.3;
Общо;BG315;2017Q3;44.2;
Общо;BG315;2017Q4;48.0;
Общо;BG315;2018Q1;44.6;
Общо;BG315;2018Q2;45.5;
Общо;BG315;2018Q3;47.5;
Общо;BG315;2018Q4;50.8;
Общо;BG315;2019Q1;49.0;
Общо;BG315;2019Q2;49.5;
Общо;BG315;2019Q3;53.0;
Общо;BG312;2003Q1;58.4;
Общо;BG312;2003Q2;60.9;
Общо;BG312;2003Q3;57.4;
Общо;BG312;2003Q4;55.1;
Общо;BG312;2004Q1;57.4;
Общо;BG312;2004Q2;57.8;
Общо;BG312;2004Q3;59.6;
Общо;BG312;2004Q4;54.4;
Общо;BG312;2005Q1;48.2;
Общо;BG312;2005Q2;56.8;
Общо;BG312;2005Q3;63.7;
Общо;BG312;2005Q4;54.2;
Общо;BG312;2006Q1;47.2;
Общо;BG312;2006Q2;57.7;
Общо;BG312;2006Q3;59.3;
Общо;BG312;2006Q4;56.1;
Общо;BG312;2007Q1;57.1;
Общо;BG312;2007Q2;59.6;
Общо;BG312;2007Q3;57.8;
Общо;BG312;2007Q4;57.4;
Общо;BG312;2008Q1;58.5;
Общо;BG312;2008Q2;63.1;
Общо;BG312;2008Q3;62.7;
Общо;BG312;2008Q4;60.3;
Общо;BG312;2009Q1;58.5;
Общо;BG312;2009Q2;60.7;
Общо;BG312;2009Q3;58.5;
Общо;BG312;2009Q4;58.9;
Общо;BG312;2010Q1;56.4;
Общо;BG312;2010Q2;54.7;
Общо;BG312;2010Q3;52.3;
Общо;BG312;2010Q4;56.4;
Общо;BG312;2011Q1;54.0;
Общо;BG312;2011Q2;48.6;
Общо;BG312;2011Q3;48.2;
Общо;BG312;2011Q4;49.3;
Общо;BG312;2012Q1;52.1;
Общо;BG312;2012Q2;50.3;
Общо;BG312;2012Q3;47.8;
Общо;BG312;2012Q4;46.4;
Общо;BG312;2013Q1;46.3;
Общо;BG312;2013Q2;48.9;
Общо;BG312;2013Q3;51.8;
Общо;BG312;2013Q4;45.4;
Общо;BG312;2014Q1;44.5;
Общо;BG312;2014Q2;50.8;
Общо;BG312;2014Q3;54.4;
Общо;BG312;2014Q4;49.1;
Общо;BG312;2015Q1;43.2;
Общо;BG312;2015Q2;46.1;
Общо;BG312;2015Q3;51.4;
Общо;BG312;2015Q4;47.0;
Общо;BG312;2016Q1;44.8;
Общо;BG312;2016Q2;44.5;
Общо;BG312;2016Q3;46.5;
Общо;BG312;2016Q4;46.3;
Общо;BG312;2017Q1;43.5;
Общо;BG312;2017Q2;50.2;
Общо;BG312;2017Q3;47.9;
Общо;BG312;2017Q4;46.6;
Общо;BG312;2018Q1;44.5;
Общо;BG312;2018Q2;42.0;
Общо;BG312;2018Q3;41.3;
Общо;BG312;2018Q4;41.8;
Общо;BG312;2019Q1;40.7;
Общо;BG312;2019Q2;37.9;
Общо;BG312;2019Q3;36.5;
Общо;BG314;2003Q1;99.1;
Общо;BG314;2003Q2;107.6;
Общо;BG314;2003Q3;105.0;
Общо;BG314;2003Q4;102.0;
Общо;BG314;2004Q1;101.3;
Общо;BG314;2004Q2;110.8;
Общо;BG314;2004Q3;109.3;
Общо;BG314;2004Q4;106.1;
Общо;BG314;2005Q1;105.6;
Общо;BG314;2005Q2;110.5;
Общо;BG314;2005Q3;108.4;
Общо;BG314;2005Q4;105.7;
Общо;BG314;2006Q1;103.0;
Общо;BG314;2006Q2;108.8;
Общо;BG314;2006Q3;109.8;
Общо;BG314;2006Q4;113.5;
Общо;BG314;2007Q1;101.8;
Общо;BG314;2007Q2;107.0;
Общо;BG314;2007Q3;113.2;
Общо;BG314;2007Q4;115.6;
Общо;BG314;2008Q1;112.6;
Общо;BG314;2008Q2;116.5;
Общо;BG314;2008Q3;124.2;
Общо;BG314;2008Q4;121.8;
Общо;BG314;2009Q1;113.4;
Общо;BG314;2009Q2;109.0;
Общо;BG314;2009Q3;111.8;
Общо;BG314;2009Q4;108.0;
Общо;BG314;2010Q1;98.0;
Общо;BG314;2010Q2;98.8;
Общо;BG314;2010Q3;95.4;
Общо;BG314;2010Q4;93.6;
Общо;BG314;2011Q1;88.9;
Общо;BG314;2011Q2;92.9;
Общо;BG314;2011Q3;98.5;
Общо;BG314;2011Q4;99.7;
Общо;BG314;2012Q1;91.3;
Общо;BG314;2012Q2;86.5;
Общо;BG314;2012Q3;96.3;
Общо;BG314;2012Q4;103.8;
Общо;BG314;2013Q1;97.3;
Общо;BG314;2013Q2;91.3;
Общо;BG314;2013Q3;99.1;
Общо;BG314;2013Q4;99.7;
Общо;BG314;2014Q1;96.6;
Общо;BG314;2014Q2;91.2;
Общо;BG314;2014Q3;93.6;
Общо;BG314;2014Q4;96.9;
Общо;BG314;2015Q1;95.5;
Общо;BG314;2015Q2;97.7;
Общо;BG314;2015Q3;101.1;
Общо;BG314;2015Q4;102.3;
Общо;BG314;2016Q1;90.5;
Общо;BG314;2016Q2;90.7;
Общо;BG314;2016Q3;97.4;
Общо;BG314;2016Q4;98.4;
Общо;BG314;2017Q1;92.5;
Общо;BG314;2017Q2;90.8;
Общо;BG314;2017Q3;97.6;
Общо;BG314;2017Q4;98.3;
Общо;BG314;2018Q1;97.1;
Общо;BG314;2018Q2;99.4;
Общо;BG314;2018Q3;100.5;
Общо;BG314;2018Q4;93.5;
Общо;BG314;2019Q1;90.6;
Общо;BG314;2019Q2;95.8;
Общо;BG314;2019Q3;97.3;
Общо;BG321;2003Q1;98.9;
Общо;BG321;2003Q2;105.0;
Общо;BG321;2003Q3;99.3;
Общо;BG321;2003Q4;99.3;
Общо;BG321;2004Q1;101.4;
Общо;BG321;2004Q2;101.4;
Общо;BG321;2004Q3;102.1;
Общо;BG321;2004Q4;105.3;
Общо;BG321;2005Q1;100.7;
Общо;BG321;2005Q2;97.7;
Общо;BG321;2005Q3;89.9;
Общо;BG321;2005Q4;98.3;
Общо;BG321;2006Q1;97.5;
Общо;BG321;2006Q2;98.2;
Общо;BG321;2006Q3;102.7;
Общо;BG321;2006Q4;109.3;
Общо;BG321;2007Q1;106.6;
Общо;BG321;2007Q2;111.7;
Общо;BG321;2007Q3;112.2;
Общо;BG321;2007Q4;110.3;
Общо;BG321;2008Q1;104.2;
Общо;BG321;2008Q2;107.4;
Общо;BG321;2008Q3;117.8;
Общо;BG321;2008Q4;109.1;
Общо;BG321;2009Q1;102.1;
Общо;BG321;2009Q2;106.4;
Общо;BG321;2009Q3;106.4;
Общо;BG321;2009Q4;102.0;
Общо;BG321;2010Q1;94.8;
Общо;BG321;2010Q2;94.2;
Общо;BG321;2010Q3;90.8;
Общо;BG321;2010Q4;95.0;
Общо;BG321;2011Q1;94.9;
Общо;BG321;2011Q2;98.4;
Общо;BG321;2011Q3;97.0;
Общо;BG321;2011Q4;96.4;
Общо;BG321;2012Q1;92.4;
Общо;BG321;2012Q2;96.4;
Общо;BG321;2012Q3;102.3;
Общо;BG321;2012Q4;93.0;
Общо;BG321;2013Q1;88.8;
Общо;BG321;2013Q2;94.1;
Общо;BG321;2013Q3;100.5;
Общо;BG321;2013Q4;96.1;
Общо;BG321;2014Q1;99.5;
Общо;BG321;2014Q2;100.6;
Общо;BG321;2014Q3;102.3;
Общо;BG321;2014Q4;103.5;
Общо;BG321;2015Q1;102.9;
Общо;BG321;2015Q2;105.1;
Общо;BG321;2015Q3;108.8;
Общо;BG321;2015Q4;111.6;
Общо;BG321;2016Q1;98.5;
Общо;BG321;2016Q2;103.0;
Общо;BG321;2016Q3;112.1;
Общо;BG321;2016Q4;105.9;
Общо;BG321;2017Q1;98.6;
Общо;BG321;2017Q2;105.0;
Общо;BG321;2017Q3;107.5;
Общо;BG321;2017Q4;110.9;
Общо;BG321;2018Q1;107.6;
Общо;BG321;2018Q2;102.5;
Общо;BG321;2018Q3;100.1;
Общо;BG321;2018Q4;104.3;
Общо;BG321;2019Q1;114.8;
Общо;BG321;2019Q2;123.8;
Общо;BG321;2019Q3;128.2;
Общо;BG322;2003Q1;58.8;
Общо;BG322;2003Q2;57.1;
Общо;BG322;2003Q3;54.5;
Общо;BG322;2003Q4;57.4;
Общо;BG322;2004Q1;50.7;
Общо;BG322;2004Q2;57.2;
Общо;BG322;2004Q3;58.2;
Общо;BG322;2004Q4;56.3;
Общо;BG322;2005Q1;54.5;
Общо;BG322;2005Q2;54.9;
Общо;BG322;2005Q3;56.6;
Общо;BG322;2005Q4;59.0;
Общо;BG322;2006Q1;57.9;
Общо;BG322;2006Q2;60.5;
Общо;BG322;2006Q3;63.9;
Общо;BG322;2006Q4;58.6;
Общо;BG322;2007Q1;53.4;
Общо;BG322;2007Q2;60.4;
Общо;BG322;2007Q3;65.1;
Общо;BG322;2007Q4;62.0;
Общо;BG322;2008Q1;60.8;
Общо;BG322;2008Q2;60.5;
Общо;BG322;2008Q3;61.1;
Общо;BG322;2008Q4;63.1;
Общо;BG322;2009Q1;57.5;
Общо;BG322;2009Q2;58.6;
Общо;BG322;2009Q3;53.3;
Общо;BG322;2009Q4;52.5;
Общо;BG322;2010Q1;49.9;
Общо;BG322;2010Q2;54.7;
Общо;BG322;2010Q3;50.8;
Общо;BG322;2010Q4;48.9;
Общо;BG322;2011Q1;47.0;
Общо;BG322;2011Q2;49.0;
Общо;BG322;2011Q3;49.9;
Общо;BG322;2011Q4;45.7;
Общо;BG322;2012Q1;43.9;
Общо;BG322;2012Q2;48.1;
Общо;BG322;2012Q3;51.1;
Общо;BG322;2012Q4;49.7;
Общо;BG322;2013Q1;50.6;
Общо;BG322;2013Q2;48.5;
Общо;BG322;2013Q3;52.3;
Общо;BG322;2013Q4;51.7;
Общо;BG322;2014Q1;47.4;
Общо;BG322;2014Q2;47.8;
Общо;BG322;2014Q3;53.1;
Общо;BG322;2014Q4;51.5;
Общо;BG322;2015Q1;47.9;
Общо;BG322;2015Q2;46.5;
Общо;BG322;2015Q3;49.6;
Общо;BG322;2015Q4;53.4;
Общо;BG322;2016Q1;51.1;
Общо;BG322;2016Q2;46.8;
Общо;BG322;2016Q3;45.1;
Общо;BG322;2016Q4;49.4;
Общо;BG322;2017Q1;49.1;
Общо;BG322;2017Q2;48.1;
Общо;BG322;2017Q3;45.5;
Общо;BG322;2017Q4;43.9;
Общо;BG322;2018Q1;43.9;
Общо;BG322;2018Q2;46.8;
Общо;BG322;2018Q3;46.8;
Общо;BG322;2018Q4;45.3;
Общо;BG322;2019Q1;43.7;
Общо;BG322;2019Q2;46.0;
Общо;BG322;2019Q3;48.8;
Общо;BG324;2003Q1;43.3;
Общо;BG324;2003Q2;45.3;
Общо;BG324;2003Q3;42.6;
Общо;BG324;2003Q4;42.4;
Общо;BG324;2004Q1;41.2;
Общо;BG324;2004Q2;44.1;
Общо;BG324;2004Q3;47.5;
Общо;BG324;2004Q4;44.6;
Общо;BG324;2005Q1;39.9;
Общо;BG324;2005Q2;42.4;
Общо;BG324;2005Q3;43.3;
Общо;BG324;2005Q4;44.2;
Общо;BG324;2006Q1;41.2;
Общо;BG324;2006Q2;43.8;
Общо;BG324;2006Q3;45.4;
Общо;BG324;2006Q4;44.4;
Общо;BG324;2007Q1;41.6;
Общо;BG324;2007Q2;43.7;
Общо;BG324;2007Q3;46.1;
Общо;BG324;2007Q4;40.8;
Общо;BG324;2008Q1;46.3;
Общо;BG324;2008Q2;49.7;
Общо;BG324;2008Q3;46.2;
Общо;BG324;2008Q4;45.9;
Общо;BG324;2009Q1;44.9;
Общо;BG324;2009Q2;45.0;
Общо;BG324;2009Q3;46.7;
Общо;BG324;2009Q4;45.7;
Общо;BG324;2010Q1;37.6;
Общо;BG324;2010Q2;42.7;
Общо;BG324;2010Q3;44.6;
Общо;BG324;2010Q4;42.7;
Общо;BG324;2011Q1;44.1;
Общо;BG324;2011Q2;44.2;
Общо;BG324;2011Q3;41.8;
Общо;BG324;2011Q4;45.0;
Общо;BG324;2012Q1;45.6;
Общо;BG324;2012Q2;42.2;
Общо;BG324;2012Q3;41.2;
Общо;BG324;2012Q4;42.7;
Общо;BG324;2013Q1;41.6;
Общо;BG324;2013Q2;41.5;
Общо;BG324;2013Q3;41.1;
Общо;BG324;2013Q4;42.5;
Общо;BG324;2014Q1;41.7;
Общо;BG324;2014Q2;44.2;
Общо;BG324;2014Q3;42.8;
Общо;BG324;2014Q4;42.4;
Общо;BG324;2015Q1;42.4;
Общо;BG324;2015Q2;47.1;
Общо;BG324;2015Q3;46.6;
Общо;BG324;2015Q4;42.5;
Общо;BG324;2016Q1;43.0;
Общо;BG324;2016Q2;46.7;
Общо;BG324;2016Q3;43.8;
Общо;BG324;2016Q4;42.2;
Общо;BG324;2017Q1;44.4;
Общо;BG324;2017Q2;45.1;
Общо;BG324;2017Q3;46.5;
Общо;BG324;2017Q4;45.3;
Общо;BG324;2018Q1;42.2;
Общо;BG324;2018Q2;42.9;
Общо;BG324;2018Q3;43.8;
Общо;BG324;2018Q4;41.5;
Общо;BG324;2019Q1;41.5;
Общо;BG324;2019Q2;43.2;
Общо;BG324;2019Q3;48.4;
Общо;BG323;2003Q1;85.4;
Общо;BG323;2003Q2;91.3;
Общо;BG323;2003Q3;92.8;
Общо;BG323;2003Q4;90.7;
Общо;BG323;2004Q1;88.7;
Общо;BG323;2004Q2;95.5;
Общо;BG323;2004Q3;95.7;
Общо;BG323;2004Q4;93.2;
Общо;BG323;2005Q1;95.7;
Общо;BG323;2005Q2;97.1;
Общо;BG323;2005Q3;103.7;
Общо;BG323;2005Q4;101.1;
Общо;BG323;2006Q1;96.7;
Общо;BG323;2006Q2;104.8;
Общо;BG323;2006Q3;101.7;
Общо;BG323;2006Q4;96.9;
Общо;BG323;2007Q1;103.1;
Общо;BG323;2007Q2;110.3;
Общо;BG323;2007Q3;108.2;
Общо;BG323;2007Q4;99.9;
Общо;BG323;2008Q1;100.7;
Общо;BG323;2008Q2;104.3;
Общо;BG323;2008Q3;109.7;
Общо;BG323;2008Q4;110.0;
Общо;BG323;2009Q1;108.9;
Общо;BG323;2009Q2;112.3;
Общо;BG323;2009Q3;114.5;
Общо;BG323;2009Q4;110.4;
Общо;BG323;2010Q1;101.1;
Общо;BG323;2010Q2;103.6;
Общо;BG323;2010Q3;104.6;
Общо;BG323;2010Q4;99.7;
Общо;BG323;2011Q1;94.2;
Общо;BG323;2011Q2;92.2;
Общо;BG323;2011Q3;93.9;
Общо;BG323;2011Q4;92.4;
Общо;BG323;2012Q1;88.3;
Общо;BG323;2012Q2;90.6;
Общо;BG323;2012Q3;94.2;
Общо;BG323;2012Q4;90.5;
Общо;BG323;2013Q1;88.3;
Общо;BG323;2013Q2;89.6;
Общо;BG323;2013Q3;91.3;
Общо;BG323;2013Q4;88.3;
Общо;BG323;2014Q1;87.0;
Общо;BG323;2014Q2;86.1;
Общо;BG323;2014Q3;86.0;
Общо;BG323;2014Q4;86.6;
Общо;BG323;2015Q1;85.8;
Общо;BG323;2015Q2;88.1;
Общо;BG323;2015Q3;94.2;
Общо;BG323;2015Q4;92.2;
Общо;BG323;2016Q1;87.3;
Общо;BG323;2016Q2;91.5;
Общо;BG323;2016Q3;96.6;
Общо;BG323;2016Q4;92.4;
Общо;BG323;2017Q1;91.8;
Общо;BG323;2017Q2;94.4;
Общо;BG323;2017Q3;98.9;
Общо;BG323;2017Q4;96.5;
Общо;BG323;2018Q1;96.5;
Общо;BG323;2018Q2;99.3;
Общо;BG323;2018Q3;100.2;
Общо;BG323;2018Q4;98.0;
Общо;BG323;2019Q1;98.6;
Общо;BG323;2019Q2;99.6;
Общо;BG323;2019Q3;100.4;
Общо;BG325;2003Q1;40.4;
Общо;BG325;2003Q2;43.5;
Общо;BG325;2003Q3;44.8;
Общо;BG325;2003Q4;47.7;
Общо;BG325;2004Q1;46.1;
Общо;BG325;2004Q2;50.3;
Общо;BG325;2004Q3;53.8;
Общо;BG325;2004Q4;46.3;
Общо;BG325;2005Q1;44.3;
Общо;BG325;2005Q2;51.2;
Общо;BG325;2005Q3;55.5;
Общо;BG325;2005Q4;47.6;
Общо;BG325;2006Q1;46.0;
Общо;BG325;2006Q2;47.8;
Общо;BG325;2006Q3;47.5;
Общо;BG325;2006Q4;43.0;
Общо;BG325;2007Q1;48.6;
Общо;BG325;2007Q2;53.7;
Общо;BG325;2007Q3;48.2;
Общо;BG325;2007Q4;47.3;
Общо;BG325;2008Q1;48.3;
Общо;BG325;2008Q2;52.5;
Общо;BG325;2008Q3;49.8;
Общо;BG325;2008Q4;50.0;
Общо;BG325;2009Q1;49.6;
Общо;BG325;2009Q2;49.8;
Общо;BG325;2009Q3;47.8;
Общо;BG325;2009Q4;47.7;
Общо;BG325;2010Q1;43.2;
Общо;BG325;2010Q2;40.8;
Общо;BG325;2010Q3;42.8;
Общо;BG325;2010Q4;41.2;
Общо;BG325;2011Q1;40.0;
Общо;BG325;2011Q2;42.1;
Общо;BG325;2011Q3;41.1;
Общо;BG325;2011Q4;39.1;
Общо;BG325;2012Q1;37.8;
Общо;BG325;2012Q2;41.9;
Общо;BG325;2012Q3;42.4;
Общо;BG325;2012Q4;38.6;
Общо;BG325;2013Q1;37.6;
Общо;BG325;2013Q2;40.3;
Общо;BG325;2013Q3;38.6;
Общо;BG325;2013Q4;33.0;
Общо;BG325;2014Q1;34.8;
Общо;BG325;2014Q2;39.7;
Общо;BG325;2014Q3;40.9;
Общо;BG325;2014Q4;37.6;
Общо;BG325;2015Q1;32.8;
Общо;BG325;2015Q2;37.0;
Общо;BG325;2015Q3;41.1;
Общо;BG325;2015Q4;36.2;
Общо;BG325;2016Q1;35.6;
Общо;BG325;2016Q2;41.4;
Общо;BG325;2016Q3;39.3;
Общо;BG325;2016Q4;35.6;
Общо;BG325;2017Q1;36.8;
Общо;BG325;2017Q2;43.1;
Общо;BG325;2017Q3;43.9;
Общо;BG325;2017Q4;40.3;
Общо;BG325;2018Q1;41.0;
Общо;BG325;2018Q2;44.7;
Общо;BG325;2018Q3;44.6;
Общо;BG325;2018Q4;39.7;
Общо;BG325;2019Q1;39.9;
Общо;BG325;2019Q2;43.3;
Общо;BG325;2019Q3;42.5;
Общо;BG331;2003Q1;160.8;
Общо;BG331;2003Q2;188.0;
Общо;BG331;2003Q3;192.7;
Общо;BG331;2003Q4;177.4;
Общо;BG331;2004Q1;177.0;
Общо;BG331;2004Q2;185.6;
Общо;BG331;2004Q3;194.2;
Общо;BG331;2004Q4;195.2;
Общо;BG331;2005Q1;190.2;
Общо;BG331;2005Q2;198.0;
Общо;BG331;2005Q3;207.7;
Общо;BG331;2005Q4;200.6;
Общо;BG331;2006Q1;195.1;
Общо;BG331;2006Q2;209.2;
Общо;BG331;2006Q3;212.0;
Общо;BG331;2006Q4;201.9;
Общо;BG331;2007Q1;200.9;
Общо;BG331;2007Q2;204.8;
Общо;BG331;2007Q3;213.4;
Общо;BG331;2007Q4;215.5;
Общо;BG331;2008Q1;215.7;
Общо;BG331;2008Q2;210.5;
Общо;BG331;2008Q3;218.2;
Общо;BG331;2008Q4;220.1;
Общо;BG331;2009Q1;217.1;
Общо;BG331;2009Q2;212.5;
Общо;BG331;2009Q3;207.9;
Общо;BG331;2009Q4;200.7;
Общо;BG331;2010Q1;195.5;
Общо;BG331;2010Q2;197.0;
Общо;BG331;2010Q3;207.3;
Общо;BG331;2010Q4;200.3;
Общо;BG331;2011Q1;183.9;
Общо;BG331;2011Q2;185.7;
Общо;BG331;2011Q3;195.7;
Общо;BG331;2011Q4;191.0;
Общо;BG331;2012Q1;171.9;
Общо;BG331;2012Q2;172.6;
Общо;BG331;2012Q3;187.7;
Общо;BG331;2012Q4;182.7;
Общо;BG331;2013Q1;180.7;
Общо;BG331;2013Q2;190.4;
Общо;BG331;2013Q3;198.4;
Общо;BG331;2013Q4;187.1;
Общо;BG331;2014Q1;181.0;
Общо;BG331;2014Q2;192.4;
Общо;BG331;2014Q3;218.2;
Общо;BG331;2014Q4;211.3;
Общо;BG331;2015Q1;209.7;
Общо;BG331;2015Q2;222.3;
Общо;BG331;2015Q3;233.5;
Общо;BG331;2015Q4;219.1;
Общо;BG331;2016Q1;209.0;
Общо;BG331;2016Q2;220.4;
Общо;BG331;2016Q3;217.8;
Общо;BG331;2016Q4;201.6;
Общо;BG331;2017Q1;209.3;
Общо;BG331;2017Q2;215.4;
Общо;BG331;2017Q3;215.5;
Общо;BG331;2017Q4;203.9;
Общо;BG331;2018Q1;201.7;
Общо;BG331;2018Q2;210.2;
Общо;BG331;2018Q3;216.5;
Общо;BG331;2018Q4;209.3;
Общо;BG331;2019Q1;204.8;
Общо;BG331;2019Q2;211.3;
Общо;BG331;2019Q3;229.2;
Общо;BG332;2003Q1;62.5;
Общо;BG332;2003Q2;69.7;
Общо;BG332;2003Q3;75.0;
Общо;BG332;2003Q4;62.0;
Общо;BG332;2004Q1;56.1;
Общо;BG332;2004Q2;77.5;
Общо;BG332;2004Q3;72.4;
Общо;BG332;2004Q4;69.9;
Общо;BG332;2005Q1;66.7;
Общо;BG332;2005Q2;75.1;
Общо;BG332;2005Q3;76.5;
Общо;BG332;2005Q4;68.7;
Общо;BG332;2006Q1;70.1;
Общо;BG332;2006Q2;79.1;
Общо;BG332;2006Q3;84.3;
Общо;BG332;2006Q4;81.7;
Общо;BG332;2007Q1;78.4;
Общо;BG332;2007Q2;79.3;
Общо;BG332;2007Q3;85.9;
Общо;BG332;2007Q4;81.0;
Общо;BG332;2008Q1;83.4;
Общо;BG332;2008Q2;84.2;
Общо;BG332;2008Q3;89.7;
Общо;BG332;2008Q4;86.1;
Общо;BG332;2009Q1;78.8;
Общо;BG332;2009Q2;81.6;
Общо;BG332;2009Q3;81.0;
Общо;BG332;2009Q4;76.6;
Общо;BG332;2010Q1;73.5;
Общо;BG332;2010Q2;75.4;
Общо;BG332;2010Q3;79.8;
Общо;BG332;2010Q4;71.7;
Общо;BG332;2011Q1;66.9;
Общо;BG332;2011Q2;71.6;
Общо;BG332;2011Q3;75.5;
Общо;BG332;2011Q4;71.1;
Общо;BG332;2012Q1;70.4;
Общо;BG332;2012Q2;75.7;
Общо;BG332;2012Q3;79.5;
Общо;BG332;2012Q4;73.0;
Общо;BG332;2013Q1;68.3;
Общо;BG332;2013Q2;76.5;
Общо;BG332;2013Q3;79.8;
Общо;BG332;2013Q4;76.4;
Общо;BG332;2014Q1;74.0;
Общо;BG332;2014Q2;76.3;
Общо;BG332;2014Q3;80.2;
Общо;BG332;2014Q4;76.2;
Общо;BG332;2015Q1;71.2;
Общо;BG332;2015Q2;75.3;
Общо;BG332;2015Q3;79.7;
Общо;BG332;2015Q4;73.4;
Общо;BG332;2016Q1;70.2;
Общо;BG332;2016Q2;77.9;
Общо;BG332;2016Q3;80.1;
Общо;BG332;2016Q4;71.7;
Общо;BG332;2017Q1;77.5;
Общо;BG332;2017Q2;87.1;
Общо;BG332;2017Q3;86.6;
Общо;BG332;2017Q4;76.2;
Общо;BG332;2018Q1;76.1;
Общо;BG332;2018Q2;79.6;
Общо;BG332;2018Q3;74.9;
Общо;BG332;2018Q4;72.6;
Общо;BG332;2019Q1;74.8;
Общо;BG332;2019Q2;77.8;
Общо;BG332;2019Q3;77.8;
Общо;BG334;2003Q1;38.6;
Общо;BG334;2003Q2;41.0;
Общо;BG334;2003Q3;42.5;
Общо;BG334;2003Q4;39.0;
Общо;BG334;2004Q1;34.3;
Общо;BG334;2004Q2;39.6;
Общо;BG334;2004Q3;42.2;
Общо;BG334;2004Q4;42.7;
Общо;BG334;2005Q1;44.4;
Общо;BG334;2005Q2;50.9;
Общо;BG334;2005Q3;50.0;
Общо;BG334;2005Q4;48.7;
Общо;BG334;2006Q1;48.1;
Общо;BG334;2006Q2;54.8;
Общо;BG334;2006Q3;50.3;
Общо;BG334;2006Q4;45.6;
Общо;BG334;2007Q1;44.7;
Общо;BG334;2007Q2;48.7;
Общо;BG334;2007Q3;48.8;
Общо;BG334;2007Q4;49.2;
Общо;BG334;2008Q1;46.3;
Общо;BG334;2008Q2;48.4;
Общо;BG334;2008Q3;49.3;
Общо;BG334;2008Q4;50.6;
Общо;BG334;2009Q1;51.0;
Общо;BG334;2009Q2;52.1;
Общо;BG334;2009Q3;51.3;
Общо;BG334;2009Q4;49.1;
Общо;BG334;2010Q1;44.7;
Общо;BG334;2010Q2;47.2;
Общо;BG334;2010Q3;48.7;
Общо;BG334;2010Q4;47.0;
Общо;BG334;2011Q1;45.9;
Общо;BG334;2011Q2;46.0;
Общо;BG334;2011Q3;49.6;
Общо;BG334;2011Q4;47.5;
Общо;BG334;2012Q1;40.8;
Общо;BG334;2012Q2;43.8;
Общо;BG334;2012Q3;45.7;
Общо;BG334;2012Q4;43.0;
Общо;BG334;2013Q1;36.2;
Общо;BG334;2013Q2;38.9;
Общо;BG334;2013Q3;41.5;
Общо;BG334;2013Q4;37.9;
Общо;BG334;2014Q1;38.3;
Общо;BG334;2014Q2;41.4;
Общо;BG334;2014Q3;40.2;
Общо;BG334;2014Q4;40.5;
Общо;BG334;2015Q1;40.0;
Общо;BG334;2015Q2;39.4;
Общо;BG334;2015Q3;38.9;
Общо;BG334;2015Q4;41.2;
Общо;BG334;2016Q1;46.1;
Общо;BG334;2016Q2;39.2;
Общо;BG334;2016Q3;35.5;
Общо;BG334;2016Q4;41.0;
Общо;BG334;2017Q1;44.1;
Общо;BG334;2017Q2;44.7;
Общо;BG334;2017Q3;45.5;
Общо;BG334;2017Q4;46.5;
Общо;BG334;2018Q1;45.0;
Общо;BG334;2018Q2;46.8;
Общо;BG334;2018Q3;49.4;
Общо;BG334;2018Q4;46.0;
Общо;BG334;2019Q1;41.5;
Общо;BG334;2019Q2;44.5;
Общо;BG334;2019Q3;48.5;
Общо;BG333;2003Q1;57.5;
Общо;BG333;2003Q2;62.8;
Общо;BG333;2003Q3;65.4;
Общо;BG333;2003Q4;67.3;
Общо;BG333;2004Q1;57.0;
Общо;BG333;2004Q2;65.9;
Общо;BG333;2004Q3;69.5;
Общо;BG333;2004Q4;66.0;
Общо;BG333;2005Q1;65.4;
Общо;BG333;2005Q2;69.6;
Общо;BG333;2005Q3;73.1;
Общо;BG333;2005Q4;71.8;
Общо;BG333;2006Q1;66.9;
Общо;BG333;2006Q2;68.7;
Общо;BG333;2006Q3;75.2;
Общо;BG333;2006Q4;76.9;
Общо;BG333;2007Q1;71.1;
Общо;BG333;2007Q2;73.3;
Общо;BG333;2007Q3;77.3;
Общо;BG333;2007Q4;81.3;
Общо;BG333;2008Q1;78.3;
Общо;BG333;2008Q2;80.2;
Общо;BG333;2008Q3;76.6;
Общо;BG333;2008Q4;79.1;
Общо;BG333;2009Q1;77.7;
Общо;BG333;2009Q2;71.3;
Общо;BG333;2009Q3;64.1;
Общо;BG333;2009Q4;65.2;
Общо;BG333;2010Q1;62.8;
Общо;BG333;2010Q2;65.9;
Общо;BG333;2010Q3;65.6;
Общо;BG333;2010Q4;66.8;
Общо;BG333;2011Q1;63.2;
Общо;BG333;2011Q2;64.8;
Общо;BG333;2011Q3;71.7;
Общо;BG333;2011Q4;69.7;
Общо;BG333;2012Q1;64.6;
Общо;BG333;2012Q2;69.7;
Общо;BG333;2012Q3;73.4;
Общо;BG333;2012Q4;62.3;
Общо;BG333;2013Q1;63.9;
Общо;BG333;2013Q2;71.8;
Общо;BG333;2013Q3;69.2;
Общо;BG333;2013Q4;63.5;
Общо;BG333;2014Q1;66.8;
Общо;BG333;2014Q2;73.7;
Общо;BG333;2014Q3;74.9;
Общо;BG333;2014Q4;71.2;
Общо;BG333;2015Q1;67.8;
Общо;BG333;2015Q2;69.3;
Общо;BG333;2015Q3;71.8;
Общо;BG333;2015Q4;70.7;
Общо;BG333;2016Q1;71.7;
Общо;BG333;2016Q2;71.7;
Общо;BG333;2016Q3;73.7;
Общо;BG333;2016Q4;71.2;
Общо;BG333;2017Q1;70.7;
Общо;BG333;2017Q2;74.4;
Общо;BG333;2017Q3;75.8;
Общо;BG333;2017Q4;74.2;
Общо;BG333;2018Q1;71.2;
Общо;BG333;2018Q2;73.7;
Общо;BG333;2018Q3;76.4;
Общо;BG333;2018Q4;77.1;
Общо;BG333;2019Q1;73.2;
Общо;BG333;2019Q2;77.4;
Общо;BG333;2019Q3;78.4;
Общо;BG341;2003Q1;136.9;
Общо;BG341;2003Q2;152.5;
Общо;BG341;2003Q3;165.9;
Общо;BG341;2003Q4;152.4;
Общо;BG341;2004Q1;145.2;
Общо;BG341;2004Q2;156.5;
Общо;BG341;2004Q3;167.9;
Общо;BG341;2004Q4;154.2;
Общо;BG341;2005Q1;150.0;
Общо;BG341;2005Q2;158.0;
Общо;BG341;2005Q3;177.9;
Общо;BG341;2005Q4;166.2;
Общо;BG341;2006Q1;158.2;
Общо;BG341;2006Q2;173.5;
Общо;BG341;2006Q3;185.4;
Общо;BG341;2006Q4;170.7;
Общо;BG341;2007Q1;157.4;
Общо;BG341;2007Q2;170.0;
Общо;BG341;2007Q3;179.4;
Общо;BG341;2007Q4;176.5;
Общо;BG341;2008Q1;165.9;
Общо;BG341;2008Q2;173.9;
Общо;BG341;2008Q3;181.5;
Общо;BG341;2008Q4;183.7;
Общо;BG341;2009Q1;170.0;
Общо;BG341;2009Q2;174.5;
Общо;BG341;2009Q3;184.6;
Общо;BG341;2009Q4;164.5;
Общо;BG341;2010Q1;154.6;
Общо;BG341;2010Q2;172.5;
Общо;BG341;2010Q3;181.6;
Общо;BG341;2010Q4;161.4;
Общо;BG341;2011Q1;148.1;
Общо;BG341;2011Q2;157.5;
Общо;BG341;2011Q3;175.9;
Общо;BG341;2011Q4;159.5;
Общо;BG341;2012Q1;143.9;
Общо;BG341;2012Q2;161.9;
Общо;BG341;2012Q3;182.2;
Общо;BG341;2012Q4;168.8;
Общо;BG341;2013Q1;151.8;
Общо;BG341;2013Q2;169.2;
Общо;BG341;2013Q3;179.1;
Общо;BG341;2013Q4;168.6;
Общо;BG341;2014Q1;159.2;
Общо;BG341;2014Q2;175.9;
Общо;BG341;2014Q3;183.5;
Общо;BG341;2014Q4;162.5;
Общо;BG341;2015Q1;159.9;
Общо;BG341;2015Q2;176.6;
Общо;BG341;2015Q3;186.7;
Общо;BG341;2015Q4;170.8;
Общо;BG341;2016Q1;170.3;
Общо;BG341;2016Q2;178.5;
Общо;BG341;2016Q3;187.3;
Общо;BG341;2016Q4;169.7;
Общо;BG341;2017Q1;166.2;
Общо;BG341;2017Q2;184.3;
Общо;BG341;2017Q3;188.8;
Общо;BG341;2017Q4;177.3;
Общо;BG341;2018Q1;174.7;
Общо;BG341;2018Q2;188.3;
Общо;BG341;2018Q3;193.4;
Общо;BG341;2018Q4;183.3;
Общо;BG341;2019Q1;180.4;
Общо;BG341;2019Q2;195.1;
Общо;BG341;2019Q3;200.1;
Общо;BG342;2003Q1;63.0;
Общо;BG342;2003Q2;65.9;
Общо;BG342;2003Q3;63.3;
Общо;BG342;2003Q4;56.1;
Общо;BG342;2004Q1;62.0;
Общо;BG342;2004Q2;68.1;
Общо;BG342;2004Q3;69.1;
Общо;BG342;2004Q4;65.3;
Общо;BG342;2005Q1;61.4;
Общо;BG342;2005Q2;67.4;
Общо;BG342;2005Q3;74.8;
Общо;BG342;2005Q4;64.3;
Общо;BG342;2006Q1;67.9;
Общо;BG342;2006Q2;74.2;
Общо;BG342;2006Q3;74.1;
Общо;BG342;2006Q4;75.3;
Общо;BG342;2007Q1;76.2;
Общо;BG342;2007Q2;79.2;
Общо;BG342;2007Q3;75.5;
Общо;BG342;2007Q4;76.8;
Общо;BG342;2008Q1;82.1;
Общо;BG342;2008Q2;85.9;
Общо;BG342;2008Q3;81.1;
Общо;BG342;2008Q4;80.3;
Общо;BG342;2009Q1;79.7;
Общо;BG342;2009Q2;77.6;
Общо;BG342;2009Q3;75.9;
Общо;BG342;2009Q4;77.2;
Общо;BG342;2010Q1;72.6;
Общо;BG342;2010Q2;72.8;
Общо;BG342;2010Q3;73.0;
Общо;BG342;2010Q4;75.5;
Общо;BG342;2011Q1;70.0;
Общо;BG342;2011Q2;68.3;
Общо;BG342;2011Q3;72.3;
Общо;BG342;2011Q4;73.3;
Общо;BG342;2012Q1;66.2;
Общо;BG342;2012Q2;65.4;
Общо;BG342;2012Q3;71.6;
Общо;BG342;2012Q4;66.0;
Общо;BG342;2013Q1;58.8;
Общо;BG342;2013Q2;65.7;
Общо;BG342;2013Q3;72.0;
Общо;BG342;2013Q4;66.9;
Общо;BG342;2014Q1;64.3;
Общо;BG342;2014Q2;66.2;
Общо;BG342;2014Q3;67.2;
Общо;BG342;2014Q4;66.7;
Общо;BG342;2015Q1;69.9;
Общо;BG342;2015Q2;66.0;
Общо;BG342;2015Q3;68.2;
Общо;BG342;2015Q4;71.7;
Общо;BG342;2016Q1;70.7;
Общо;BG342;2016Q2;71.8;
Общо;BG342;2016Q3;72.1;
Общо;BG342;2016Q4;71.9;
Общо;BG342;2017Q1;68.1;
Общо;BG342;2017Q2;69.2;
Общо;BG342;2017Q3;73.2;
Общо;BG342;2017Q4;74.8;
Общо;BG342;2018Q1;68.6;
Общо;BG342;2018Q2;73.4;
Общо;BG342;2018Q3;76.8;
Общо;BG342;2018Q4;72.9;
Общо;BG342;2019Q1;76.9;
Общо;BG342;2019Q2;78.5;
Общо;BG342;2019Q3;76.0;
Общо;BG344;2003Q1;133.5;
Общо;BG344;2003Q2;138.7;
Общо;BG344;2003Q3;141.5;
Общо;BG344;2003Q4;136.9;
Общо;BG344;2004Q1;135.7;
Общо;BG344;2004Q2;137.6;
Общо;BG344;2004Q3;138.7;
Общо;BG344;2004Q4;143.2;
Общо;BG344;2005Q1;134.3;
Общо;BG344;2005Q2;135.5;
Общо;BG344;2005Q3;141.0;
Общо;BG344;2005Q4;145.1;
Общо;BG344;2006Q1;144.1;
Общо;BG344;2006Q2;137.4;
Общо;BG344;2006Q3;142.8;
Общо;BG344;2006Q4;145.0;
Общо;BG344;2007Q1;142.5;
Общо;BG344;2007Q2;143.2;
Общо;BG344;2007Q3;141.0;
Общо;BG344;2007Q4;147.5;
Общо;BG344;2008Q1;148.1;
Общо;BG344;2008Q2;150.2;
Общо;BG344;2008Q3;148.5;
Общо;BG344;2008Q4;146.6;
Общо;BG344;2009Q1;148.9;
Общо;BG344;2009Q2;146.3;
Общо;BG344;2009Q3;148.8;
Общо;BG344;2009Q4;149.2;
Общо;BG344;2010Q1;142.0;
Общо;BG344;2010Q2;142.5;
Общо;BG344;2010Q3;144.7;
Общо;BG344;2010Q4;149.5;
Общо;BG344;2011Q1;136.0;
Общо;BG344;2011Q2;136.5;
Общо;BG344;2011Q3;139.3;
Общо;BG344;2011Q4;143.1;
Общо;BG344;2012Q1;137.0;
Общо;BG344;2012Q2;138.4;
Общо;BG344;2012Q3;140.1;
Общо;BG344;2012Q4;133.1;
Общо;BG344;2013Q1;129.4;
Общо;BG344;2013Q2;126.7;
Общо;BG344;2013Q3;124.2;
Общо;BG344;2013Q4;122.6;
Общо;BG344;2014Q1;125.0;
Общо;BG344;2014Q2;118.8;
Общо;BG344;2014Q3;124.5;
Общо;BG344;2014Q4;129.6;
Общо;BG344;2015Q1;136.1;
Общо;BG344;2015Q2;119.1;
Общо;BG344;2015Q3;122.5;
Общо;BG344;2015Q4;132.2;
Общо;BG344;2016Q1;133.3;
Общо;BG344;2016Q2;123.4;
Общо;BG344;2016Q3;121.3;
Общо;BG344;2016Q4;130.4;
Общо;BG344;2017Q1;138.6;
Общо;BG344;2017Q2;144.7;
Общо;BG344;2017Q3;148.7;
Общо;BG344;2017Q4;146.9;
Общо;BG344;2018Q1;139.8;
Общо;BG344;2018Q2;143.3;
Общо;BG344;2018Q3;147.8;
Общо;BG344;2018Q4;149.3;
Общо;BG344;2019Q1;145.9;
Общо;BG344;2019Q2;150.5;
Общо;BG344;2019Q3;151.5;
Общо;BG343;2003Q1;56.1;
Общо;BG343;2003Q2;60.8;
Общо;BG343;2003Q3;60.0;
Общо;BG343;2003Q4;59.0;
Общо;BG343;2004Q1;56.6;
Общо;BG343;2004Q2;62.7;
Общо;BG343;2004Q3;62.4;
Общо;BG343;2004Q4;59.3;
Общо;BG343;2005Q1;56.8;
Общо;BG343;2005Q2;61.4;
Общо;BG343;2005Q3;60.4;
Общо;BG343;2005Q4;57.2;
Общо;BG343;2006Q1;52.8;
Общо;BG343;2006Q2;57.4;
Общо;BG343;2006Q3;60.5;
Общо;BG343;2006Q4;60.1;
Общо;BG343;2007Q1;61.8;
Общо;BG343;2007Q2;64.2;
Общо;BG343;2007Q3;62.7;
Общо;BG343;2007Q4;64.4;
Общо;BG343;2008Q1;60.8;
Общо;BG343;2008Q2;65.0;
Общо;BG343;2008Q3;65.1;
Общо;BG343;2008Q4;59.0;
Общо;BG343;2009Q1;56.4;
Общо;BG343;2009Q2;57.3;
Общо;BG343;2009Q3;56.9;
Общо;BG343;2009Q4;54.7;
Общо;BG343;2010Q1;48.8;
Общо;BG343;2010Q2;51.8;
Общо;BG343;2010Q3;54.5;
Общо;BG343;2010Q4;53.4;
Общо;BG343;2011Q1;52.1;
Общо;BG343;2011Q2;52.0;
Общо;BG343;2011Q3;54.9;
Общо;BG343;2011Q4;53.4;
Общо;BG343;2012Q1;53.1;
Общо;BG343;2012Q2;51.8;
Общо;BG343;2012Q3;55.2;
Общо;BG343;2012Q4;54.3;
Общо;BG343;2013Q1;50.7;
Общо;BG343;2013Q2;52.0;
Общо;BG343;2013Q3;50.4;
Общо;BG343;2013Q4;49.0;
Общо;BG343;2014Q1;50.2;
Общо;BG343;2014Q2;48.6;
Общо;BG343;2014Q3;47.1;
Общо;BG343;2014Q4;47.4;
Общо;BG343;2015Q1;50.4;
Общо;BG343;2015Q2;50.3;
Общо;BG343;2015Q3;51.3;
Общо;BG343;2015Q4;50.5;
Общо;BG343;2016Q1;53.4;
Общо;BG343;2016Q2;52.9;
Общо;BG343;2016Q3;52.8;
Общо;BG343;2016Q4;50.2;
Общо;BG343;2017Q1;52.0;
Общо;BG343;2017Q2;49.9;
Общо;BG343;2017Q3;53.2;
Общо;BG343;2017Q4;54.2;
Общо;BG343;2018Q1;45.9;
Общо;BG343;2018Q2;46.0;
Общо;BG343;2018Q3;47.9;
Общо;BG343;2018Q4;49.0;
Общо;BG343;2019Q1;50.4;
Общо;BG343;2019Q2;46.7;
Общо;BG343;2019Q3;45.8;
Общо;BG413;2003Q1;129.1;
Общо;BG413;2003Q2;142.2;
Общо;BG413;2003Q3;144.9;
Общо;BG413;2003Q4;142.9;
Общо;BG413;2004Q1;136.8;
Общо;BG413;2004Q2;141.6;
Общо;BG413;2004Q3;146.2;
Общо;BG413;2004Q4;148.6;
Общо;BG413;2005Q1;140.4;
Общо;BG413;2005Q2;148.5;
Общо;BG413;2005Q3;156.1;
Общо;BG413;2005Q4;158.5;
Общо;BG413;2006Q1;148.3;
Общо;BG413;2006Q2;158.8;
Общо;BG413;2006Q3;162.0;
Общо;BG413;2006Q4;161.8;
Общо;BG413;2007Q1;154.1;
Общо;BG413;2007Q2;152.1;
Общо;BG413;2007Q3;162.3;
Общо;BG413;2007Q4;167.7;
Общо;BG413;2008Q1;160.6;
Общо;BG413;2008Q2;159.8;
Общо;BG413;2008Q3;162.3;
Общо;BG413;2008Q4;163.2;
Общо;BG413;2009Q1;160.6;
Общо;BG413;2009Q2;158.0;
Общо;BG413;2009Q3;154.3;
Общо;BG413;2009Q4;151.6;
Общо;BG413;2010Q1;142.7;
Общо;BG413;2010Q2;150.3;
Общо;BG413;2010Q3;151.0;
Общо;BG413;2010Q4;145.2;
Общо;BG413;2011Q1;142.6;
Общо;BG413;2011Q2;151.0;
Общо;BG413;2011Q3;150.8;
Общо;BG413;2011Q4;143.6;
Общо;BG413;2012Q1;142.3;
Общо;BG413;2012Q2;148.7;
Общо;BG413;2012Q3;149.7;
Общо;BG413;2012Q4;145.1;
Общо;BG413;2013Q1;142.0;
Общо;BG413;2013Q2;142.8;
Общо;BG413;2013Q3;140.2;
Общо;BG413;2013Q4;136.9;
Общо;BG413;2014Q1;139.3;
Общо;BG413;2014Q2;136.4;
Общо;BG413;2014Q3;137.1;
Общо;BG413;2014Q4;137.6;
Общо;BG413;2015Q1;136.3;
Общо;BG413;2015Q2;136.4;
Общо;BG413;2015Q3;137.2;
Общо;BG413;2015Q4;139.0;
Общо;BG413;2016Q1;135.8;
Общо;BG413;2016Q2;133.7;
Общо;BG413;2016Q3;135.7;
Общо;BG413;2016Q4;138.2;
Общо;BG413;2017Q1;138.5;
Общо;BG413;2017Q2;144.8;
Общо;BG413;2017Q3;151.5;
Общо;BG413;2017Q4;147.4;
Общо;BG413;2018Q1;141.9;
Общо;BG413;2018Q2;145.4;
Общо;BG413;2018Q3;150.9;
Общо;BG413;2018Q4;152.0;
Общо;BG413;2019Q1;151.8;
Общо;BG413;2019Q2;159.8;
Общо;BG413;2019Q3;157.6;
Общо;BG415;2003Q1;55.7;
Общо;BG415;2003Q2;54.9;
Общо;BG415;2003Q3;52.6;
Общо;BG415;2003Q4;52.0;
Общо;BG415;2004Q1;54.4;
Общо;BG415;2004Q2;59.1;
Общо;BG415;2004Q3;57.5;
Общо;BG415;2004Q4;59.0;
Общо;BG415;2005Q1;55.6;
Общо;BG415;2005Q2;56.4;
Общо;BG415;2005Q3;58.5;
Общо;BG415;2005Q4;54.4;
Общо;BG415;2006Q1;51.8;
Общо;BG415;2006Q2;57.3;
Общо;BG415;2006Q3;63.2;
Общо;BG415;2006Q4;66.8;
Общо;BG415;2007Q1;61.2;
Общо;BG415;2007Q2;63.1;
Общо;BG415;2007Q3;68.3;
Общо;BG415;2007Q4;69.8;
Общо;BG415;2008Q1;64.8;
Общо;BG415;2008Q2;66.1;
Общо;BG415;2008Q3;66.7;
Общо;BG415;2008Q4;62.9;
Общо;BG415;2009Q1;57.9;
Общо;BG415;2009Q2;59.8;
Общо;BG415;2009Q3;60.9;
Общо;BG415;2009Q4;59.4;
Общо;BG415;2010Q1;55.6;
Общо;BG415;2010Q2;55.1;
Общо;BG415;2010Q3;57.3;
Общо;BG415;2010Q4;56.9;
Общо;BG415;2011Q1;51.6;
Общо;BG415;2011Q2;49.3;
Общо;BG415;2011Q3;55.0;
Общо;BG415;2011Q4;54.3;
Общо;BG415;2012Q1;52.3;
Общо;BG415;2012Q2;52.0;
Общо;BG415;2012Q3;50.8;
Общо;BG415;2012Q4;48.7;
Общо;BG415;2013Q1;50.1;
Общо;BG415;2013Q2;53.3;
Общо;BG415;2013Q3;50.0;
Общо;BG415;2013Q4;43.2;
Общо;BG415;2014Q1;48.2;
Общо;BG415;2014Q2;49.3;
Общо;BG415;2014Q3;46.7;
Общо;BG415;2014Q4;45.2;
Общо;BG415;2015Q1;43.8;
Общо;BG415;2015Q2;49.0;
Общо;BG415;2015Q3;51.7;
Общо;BG415;2015Q4;48.6;
Общо;BG415;2016Q1;46.7;
Общо;BG415;2016Q2;52.1;
Общо;BG415;2016Q3;52.8;
Общо;BG415;2016Q4;51.5;
Общо;BG415;2017Q1;51.2;
Общо;BG415;2017Q2;50.1;
Общо;BG415;2017Q3;52.6;
Общо;BG415;2017Q4;53.7;
Общо;BG415;2018Q1;50.6;
Общо;BG415;2018Q2;49.7;
Общо;BG415;2018Q3;50.3;
Общо;BG415;2018Q4;52.3;
Общо;BG415;2019Q1;51.7;
Общо;BG415;2019Q2;50.8;
Общо;BG415;2019Q3;47.7;
Общо;BG414;2003Q1;49.9;
Общо;BG414;2003Q2;49.8;
Общо;BG414;2003Q3;48.2;
Общо;BG414;2003Q4;50.3;
Общо;BG414;2004Q1;50.9;
Общо;BG414;2004Q2;53.7;
Общо;BG414;2004Q3;53.3;
Общо;BG414;2004Q4;53.9;
Общо;BG414;2005Q1;50.5;
Общо;BG414;2005Q2;55.3;
Общо;BG414;2005Q3;60.1;
Общо;BG414;2005Q4;51.5;
Общо;BG414;2006Q1;49.4;
Общо;BG414;2006Q2;55.7;
Общо;BG414;2006Q3;53.3;
Общо;BG414;2006Q4;56.4;
Общо;BG414;2007Q1;56.7;
Общо;BG414;2007Q2;58.0;
Общо;BG414;2007Q3;56.1;
Общо;BG414;2007Q4;56.3;
Общо;BG414;2008Q1;58.8;
Общо;BG414;2008Q2;59.6;
Общо;BG414;2008Q3;59.8;
Общо;BG414;2008Q4;59.3;
Общо;BG414;2009Q1;57.0;
Общо;BG414;2009Q2;58.3;
Общо;BG414;2009Q3;56.9;
Общо;BG414;2009Q4;56.2;
Общо;BG414;2010Q1;57.3;
Общо;BG414;2010Q2;56.6;
Общо;BG414;2010Q3;56.8;
Общо;BG414;2010Q4;56.0;
Общо;BG414;2011Q1;57.7;
Общо;BG414;2011Q2;57.7;
Общо;BG414;2011Q3;54.5;
Общо;BG414;2011Q4;49.9;
Общо;BG414;2012Q1;56.1;
Общо;BG414;2012Q2;54.3;
Общо;BG414;2012Q3;53.4;
Общо;BG414;2012Q4;53.0;
Общо;BG414;2013Q1;52.9;
Общо;BG414;2013Q2;52.2;
Общо;BG414;2013Q3;50.8;
Общо;BG414;2013Q4;52.1;
Общо;BG414;2014Q1;52.4;
Общо;BG414;2014Q2;54.7;
Общо;BG414;2014Q3;52.2;
Общо;BG414;2014Q4;49.2;
Общо;BG414;2015Q1;53.7;
Общо;BG414;2015Q2;52.7;
Общо;BG414;2015Q3;49.0;
Общо;BG414;2015Q4;49.8;
Общо;BG414;2016Q1;50.3;
Общо;BG414;2016Q2;49.3;
Общо;BG414;2016Q3;47.6;
Общо;BG414;2016Q4;52.6;
Общо;BG414;2017Q1;52.5;
Общо;BG414;2017Q2;50.4;
Общо;BG414;2017Q3;52.5;
Общо;BG414;2017Q4;55.9;
Общо;BG414;2018Q1;54.9;
Общо;BG414;2018Q2;50.5;
Общо;BG414;2018Q3;50.7;
Общо;BG414;2018Q4;54.9;
Общо;BG414;2019Q1;55.6;
Общо;BG414;2019Q2;58.6;
Общо;BG414;2019Q3;54.7;
Общо;BG412;2003Q1;100.1;
Общо;BG412;2003Q2;115.1;
Общо;BG412;2003Q3;118.9;
Общо;BG412;2003Q4;113.6;
Общо;BG412;2004Q1;104.6;
Общо;BG412;2004Q2;107.4;
Общо;BG412;2004Q3;111.7;
Общо;BG412;2004Q4;103.5;
Общо;BG412;2005Q1;103.6;
Общо;BG412;2005Q2;106.0;
Общо;BG412;2005Q3;103.0;
Общо;BG412;2005Q4;103.7;
Общо;BG412;2006Q1;101.9;
Общо;BG412;2006Q2;103.7;
Общо;BG412;2006Q3;103.3;
Общо;BG412;2006Q4;102.4;
Общо;BG412;2007Q1;100.5;
Общо;BG412;2007Q2;105.3;
Общо;BG412;2007Q3;106.6;
Общо;BG412;2007Q4;103.7;
Общо;BG412;2008Q1;105.7;
Общо;BG412;2008Q2;106.7;
Общо;BG412;2008Q3;105.0;
Общо;BG412;2008Q4;106.5;
Общо;BG412;2009Q1;112.1;
Общо;BG412;2009Q2;109.3;
Общо;BG412;2009Q3;104.6;
Общо;BG412;2009Q4;110.8;
Общо;BG412;2010Q1;114.2;
Общо;BG412;2010Q2;107.1;
Общо;BG412;2010Q3;100.1;
Общо;BG412;2010Q4;97.7;
Общо;BG412;2011Q1;105.6;
Общо;BG412;2011Q2;102.3;
Общо;BG412;2011Q3;92.2;
Общо;BG412;2011Q4;95.4;
Общо;BG412;2012Q1;98.4;
Общо;BG412;2012Q2;95.8;
Общо;BG412;2012Q3;95.0;
Общо;BG412;2012Q4;99.3;
Общо;BG412;2013Q1;96.7;
Общо;BG412;2013Q2;91.7;
Общо;BG412;2013Q3;95.5;
Общо;BG412;2013Q4;101.4;
Общо;BG412;2014Q1;91.0;
Общо;BG412;2014Q2;89.0;
Общо;BG412;2014Q3;97.8;
Общо;BG412;2014Q4;101.2;
Общо;BG412;2015Q1;92.1;
Общо;BG412;2015Q2;85.0;
Общо;BG412;2015Q3;93.3;
Общо;BG412;2015Q4;99.1;
Общо;BG412;2016Q1;94.4;
Общо;BG412;2016Q2;89.9;
Общо;BG412;2016Q3;83.6;
Общо;BG412;2016Q4;85.1;
Общо;BG412;2017Q1;93.9;
Общо;BG412;2017Q2;102.5;
Общо;BG412;2017Q3;101.6;
Общо;BG412;2017Q4;100.3;
Общо;BG412;2018Q1;106.5;
Общо;BG412;2018Q2;108.8;
Общо;BG412;2018Q3;106.5;
Общо;BG412;2018Q4;110.2;
Общо;BG412;2019Q1;113.2;
Общо;BG412;2019Q2;114.6;
Общо;BG412;2019Q3;111.4;
Общо;BG411;2003Q1;491.2;
Общо;BG411;2003Q2;498.9;
Общо;BG411;2003Q3;503.7;
Общо;BG411;2003Q4;507.5;
Общо;BG411;2004Q1;534.8;
Общо;BG411;2004Q2;536.3;
Общо;BG411;2004Q3;536.7;
Общо;BG411;2004Q4;527.8;
Общо;BG411;2005Q1;544.8;
Общо;BG411;2005Q2;554.5;
Общо;BG411;2005Q3;563.8;
Общо;BG411;2005Q4;557.8;
Общо;BG411;2006Q1;583.9;
Общо;BG411;2006Q2;609.1;
Общо;BG411;2006Q3;602.4;
Общо;BG411;2006Q4;605.2;
Общо;BG411;2007Q1;633.1;
Общо;BG411;2007Q2;631.9;
Общо;BG411;2007Q3;643.5;
Общо;BG411;2007Q4;651.1;
Общо;BG411;2008Q1;658.0;
Общо;BG411;2008Q2;663.5;
Общо;BG411;2008Q3;680.0;
Общо;BG411;2008Q4;671.1;
Общо;BG411;2009Q1;660.6;
Общо;BG411;2009Q2;675.4;
Общо;BG411;2009Q3;668.0;
Общо;BG411;2009Q4;638.1;
Общо;BG411;2010Q1;654.6;
Общо;BG411;2010Q2;656.9;
Общо;BG411;2010Q3;666.2;
Общо;BG411;2010Q4;643.6;
Общо;BG411;2011Q1;628.9;
Общо;BG411;2011Q2;637.2;
Общо;BG411;2011Q3;647.1;
Общо;BG411;2011Q4;627.3;
Общо;BG411;2012Q1;625.2;
Общо;BG411;2012Q2;630.1;
Общо;BG411;2012Q3;629.0;
Общо;BG411;2012Q4;631.1;
Общо;BG411;2013Q1;627.5;
Общо;BG411;2013Q2;630.3;
Общо;BG411;2013Q3;636.7;
Общо;BG411;2013Q4;638.1;
Общо;BG411;2014Q1;639.4;
Общо;BG411;2014Q2;650.1;
Общо;BG411;2014Q3;657.4;
Общо;BG411;2014Q4;650.7;
Общо;BG411;2015Q1;656.0;
Общо;BG411;2015Q2;671.3;
Общо;BG411;2015Q3;679.1;
Общо;BG411;2015Q4;675.3;
Общо;BG411;2016Q1;666.3;
Общо;BG411;2016Q2;679.2;
Общо;BG411;2016Q3;675.3;
Общо;BG411;2016Q4;688.0;
Общо;BG411;2017Q1;685.4;
Общо;BG411;2017Q2;701.3;
Общо;BG411;2017Q3;701.7;
Общо;BG411;2017Q4;690.6;
Общо;BG411;2018Q1;702.5;
Общо;BG411;2018Q2;709.4;
Общо;BG411;2018Q3;703.2;
Общо;BG411;2018Q4;690.8;
Общо;BG411;2019Q1;697.1;
Общо;BG411;2019Q2;717.7;
Общо;BG411;2019Q3;705.5;
Общо;BG425;2003Q1;52.7;
Общо;BG425;2003Q2;65.4;
Общо;BG425;2003Q3;68.8;
Общо;BG425;2003Q4;62.6;
Общо;BG425;2004Q1;54.2;
Общо;BG425;2004Q2;69.2;
Общо;BG425;2004Q3;69.1;
Общо;BG425;2004Q4;51.9;
Общо;BG425;2005Q1;47.2;
Общо;BG425;2005Q2;61.7;
Общо;BG425;2005Q3;61.6;
Общо;BG425;2005Q4;58.1;
Общо;BG425;2006Q1;46.3;
Общо;BG425;2006Q2;58.1;
Общо;BG425;2006Q3;61.3;
Общо;BG425;2006Q4;56.5;
Общо;BG425;2007Q1;43.4;
Общо;BG425;2007Q2;53.8;
Общо;BG425;2007Q3;61.3;
Общо;BG425;2007Q4;58.0;
Общо;BG425;2008Q1;51.8;
Общо;BG425;2008Q2;59.6;
Общо;BG425;2008Q3;58.8;
Общо;BG425;2008Q4;55.6;
Общо;BG425;2009Q1;51.4;
Общо;BG425;2009Q2;57.5;
Общо;BG425;2009Q3;56.0;
Общо;BG425;2009Q4;55.5;
Общо;BG425;2010Q1;46.3;
Общо;BG425;2010Q2;52.5;
Общо;BG425;2010Q3;51.9;
Общо;BG425;2010Q4;48.9;
Общо;BG425;2011Q1;46.4;
Общо;BG425;2011Q2;56.9;
Общо;BG425;2011Q3;60.4;
Общо;BG425;2011Q4;54.5;
Общо;BG425;2012Q1;49.0;
Общо;BG425;2012Q2;60.6;
Общо;BG425;2012Q3;63.8;
Общо;BG425;2012Q4;57.0;
Общо;BG425;2013Q1;52.5;
Общо;BG425;2013Q2;65.2;
Общо;BG425;2013Q3;66.1;
Общо;BG425;2013Q4;60.2;
Общо;BG425;2014Q1;54.3;
Общо;BG425;2014Q2;66.9;
Общо;BG425;2014Q3;71.5;
Общо;BG425;2014Q4;62.3;
Общо;BG425;2015Q1;51.6;
Общо;BG425;2015Q2;64.8;
Общо;BG425;2015Q3;68.3;
Общо;BG425;2015Q4;60.7;
Общо;BG425;2016Q1;56.8;
Общо;BG425;2016Q2;64.2;
Общо;BG425;2016Q3;64.9;
Общо;BG425;2016Q4;59.3;
Общо;BG425;2017Q1;56.7;
Общо;BG425;2017Q2;62.2;
Общо;BG425;2017Q3;63.8;
Общо;BG425;2017Q4;63.2;
Общо;BG425;2018Q1;58.2;
Общо;BG425;2018Q2;57.1;
Общо;BG425;2018Q3;63.1;
Общо;BG425;2018Q4;60.5;
Общо;BG425;2019Q1;63.5;
Общо;BG425;2019Q2;67.2;
Общо;BG425;2019Q3;68.0;
Общо;BG423;2003Q1;79.5;
Общо;BG423;2003Q2;100.1;
Общо;BG423;2003Q3;111.9;
Общо;BG423;2003Q4;89.0;
Общо;BG423;2004Q1;80.6;
Общо;BG423;2004Q2;110.5;
Общо;BG423;2004Q3;117.8;
Общо;BG423;2004Q4;98.4;
Общо;BG423;2005Q1;94.8;
Общо;BG423;2005Q2;115.8;
Общо;BG423;2005Q3;124.2;
Общо;BG423;2005Q4;111.1;
Общо;BG423;2006Q1;95.2;
Общо;BG423;2006Q2;117.6;
Общо;BG423;2006Q3;128.8;
Общо;BG423;2006Q4;120.1;
Общо;BG423;2007Q1;122.8;
Общо;BG423;2007Q2;134.7;
Общо;BG423;2007Q3;136.6;
Общо;BG423;2007Q4;125.5;
Общо;BG423;2008Q1;126.0;
Общо;BG423;2008Q2;139.8;
Общо;BG423;2008Q3;132.5;
Общо;BG423;2008Q4;121.4;
Общо;BG423;2009Q1;117.0;
Общо;BG423;2009Q2;128.6;
Общо;BG423;2009Q3;132.4;
Общо;BG423;2009Q4;120.8;
Общо;BG423;2010Q1;103.5;
Общо;BG423;2010Q2;110.8;
Общо;BG423;2010Q3;113.5;
Общо;BG423;2010Q4;111.9;
Общо;BG423;2011Q1;101.9;
Общо;BG423;2011Q2;100.2;
Общо;BG423;2011Q3;103.7;
Общо;BG423;2011Q4;103.1;
Общо;BG423;2012Q1;91.6;
Общо;BG423;2012Q2;93.4;
Общо;BG423;2012Q3;102.6;
Общо;BG423;2012Q4;100.1;
Общо;BG423;2013Q1;94.4;
Общо;BG423;2013Q2;105.2;
Общо;BG423;2013Q3;108.2;
Общо;BG423;2013Q4;101.0;
Общо;BG423;2014Q1;101.3;
Общо;BG423;2014Q2;109.5;
Общо;BG423;2014Q3;116.0;
Общо;BG423;2014Q4;105.1;
Общо;BG423;2015Q1;104.0;
Общо;BG423;2015Q2;103.9;
Общо;BG423;2015Q3;109.2;
Общо;BG423;2015Q4;106.4;
Общо;BG423;2016Q1;104.9;
Общо;BG423;2016Q2;109.6;
Общо;BG423;2016Q3;104.6;
Общо;BG423;2016Q4;101.7;
Общо;BG423;2017Q1;102.6;
Общо;BG423;2017Q2;113.2;
Общо;BG423;2017Q3;117.9;
Общо;BG423;2017Q4;111.7;
Общо;BG423;2018Q1;105.0;
Общо;BG423;2018Q2;112.0;
Общо;BG423;2018Q3;113.9;
Общо;BG423;2018Q4;103.8;
Общо;BG423;2019Q1;105.7;
Общо;BG423;2019Q2;121.9;
Общо;BG423;2019Q3;121.3;
Общо;BG421;2003Q1;258.4;
Общо;BG421;2003Q2;264.1;
Общо;BG421;2003Q3;272.2;
Общо;BG421;2003Q4;263.7;
Общо;BG421;2004Q1;271.2;
Общо;BG421;2004Q2;280.3;
Общо;BG421;2004Q3;276.6;
Общо;BG421;2004Q4;261.7;
Общо;BG421;2005Q1;254.8;
Общо;BG421;2005Q2;268.7;
Общо;BG421;2005Q3;273.4;
Общо;BG421;2005Q4;255.9;
Общо;BG421;2006Q1;265.9;
Общо;BG421;2006Q2;275.0;
Общо;BG421;2006Q3;278.0;
Общо;BG421;2006Q4;276.0;
Общо;BG421;2007Q1;292.6;
Общо;BG421;2007Q2;304.8;
Общо;BG421;2007Q3;296.6;
Общо;BG421;2007Q4;297.1;
Общо;BG421;2008Q1;306.3;
Общо;BG421;2008Q2;312.3;
Общо;BG421;2008Q3;313.2;
Общо;BG421;2008Q4;306.1;
Общо;BG421;2009Q1;296.8;
Общо;BG421;2009Q2;304.2;
Общо;BG421;2009Q3;297.3;
Общо;BG421;2009Q4;281.8;
Общо;BG421;2010Q1;274.7;
Общо;BG421;2010Q2;285.0;
Общо;BG421;2010Q3;280.3;
Общо;BG421;2010Q4;274.8;
Общо;BG421;2011Q1;264.1;
Общо;BG421;2011Q2;267.5;
Общо;BG421;2011Q3;278.2;
Общо;BG421;2011Q4;285.9;
Общо;BG421;2012Q1;273.1;
Общо;BG421;2012Q2;274.8;
Общо;BG421;2012Q3;279.7;
Общо;BG421;2012Q4;282.1;
Общо;BG421;2013Q1;277.0;
Общо;BG421;2013Q2;277.5;
Общо;BG421;2013Q3;284.8;
Общо;BG421;2013Q4;283.7;
Общо;BG421;2014Q1;280.0;
Общо;BG421;2014Q2;288.9;
Общо;BG421;2014Q3;288.0;
Общо;BG421;2014Q4;282.5;
Общо;BG421;2015Q1;279.3;
Общо;BG421;2015Q2;273.0;
Общо;BG421;2015Q3;279.6;
Общо;BG421;2015Q4;293.3;
Общо;BG421;2016Q1;279.8;
Общо;BG421;2016Q2;277.6;
Общо;BG421;2016Q3;279.0;
Общо;BG421;2016Q4;279.4;
Общо;BG421;2017Q1;301.1;
Общо;BG421;2017Q2;317.2;
Общо;BG421;2017Q3;326.6;
Общо;BG421;2017Q4;322.8;
Общо;BG421;2018Q1;306.2;
Общо;BG421;2018Q2;307.1;
Общо;BG421;2018Q3;323.2;
Общо;BG421;2018Q4;317.8;
Общо;BG421;2019Q1;310.2;
Общо;BG421;2019Q2;312.9;
Общо;BG421;2019Q3;323.8;
Общо;BG424;2003Q1;48.9;
Общо;BG424;2003Q2;48.5;
Общо;BG424;2003Q3;52.4;
Общо;BG424;2003Q4;53.2;
Общо;BG424;2004Q1;50.9;
Общо;BG424;2004Q2;53.8;
Общо;BG424;2004Q3;52.2;
Общо;BG424;2004Q4;50.8;
Общо;BG424;2005Q1;50.2;
Общо;BG424;2005Q2;54.5;
Общо;BG424;2005Q3;53.1;
Общо;BG424;2005Q4;50.1;
Общо;BG424;2006Q1;51.6;
Общо;BG424;2006Q2;53.5;
Общо;BG424;2006Q3;57.8;
Общо;BG424;2006Q4;58.3;
Общо;BG424;2007Q1;56.3;
Общо;BG424;2007Q2;58.8;
Общо;BG424;2007Q3;59.7;
Общо;BG424;2007Q4;59.6;
Общо;BG424;2008Q1;58.4;
Общо;BG424;2008Q2;61.0;
Общо;BG424;2008Q3;63.5;
Общо;BG424;2008Q4;61.5;
Общо;BG424;2009Q1;57.4;
Общо;BG424;2009Q2;54.3;
Общо;BG424;2009Q3;52.8;
Общо;BG424;2009Q4;55.0;
Общо;BG424;2010Q1;48.9;
Общо;BG424;2010Q2;45.9;
Общо;BG424;2010Q3;49.1;
Общо;BG424;2010Q4;49.8;
Общо;BG424;2011Q1;44.0;
Общо;BG424;2011Q2;40.8;
Общо;BG424;2011Q3;45.3;
Общо;BG424;2011Q4;43.7;
Общо;BG424;2012Q1;43.5;
Общо;BG424;2012Q2;45.0;
Общо;BG424;2012Q3;47.8;
Общо;BG424;2012Q4;49.4;
Общо;BG424;2013Q1;48.1;
Общо;BG424;2013Q2;48.6;
Общо;BG424;2013Q3;49.3;
Общо;BG424;2013Q4;48.8;
Общо;BG424;2014Q1;47.0;
Общо;BG424;2014Q2;48.5;
Общо;BG424;2014Q3;51.2;
Общо;BG424;2014Q4;49.2;
Общо;BG424;2015Q1;49.4;
Общо;BG424;2015Q2;48.4;
Общо;BG424;2015Q3;50.1;
Общо;BG424;2015Q4;50.5;
Общо;BG424;2016Q1;48.3;
Общо;BG424;2016Q2;46.4;
Общо;BG424;2016Q3;49.8;
Общо;BG424;2016Q4;50.4;
Общо;BG424;2017Q1;50.6;
Общо;BG424;2017Q2;50.4;
Общо;BG424;2017Q3;51.5;
Общо;BG424;2017Q4;51.4;
Общо;BG424;2018Q1;48.4;
Общо;BG424;2018Q2;47.4;
Общо;BG424;2018Q3;49.4;
Общо;BG424;2018Q4;49.6;
Общо;BG424;2019Q1;46.8;
Общо;BG424;2019Q2;45.8;
Общо;BG424;2019Q3;46.6;
Общо;BG422;2003Q1;90.7;
Общо;BG422;2003Q2;94.9;
Общо;BG422;2003Q3;99.1;
Общо;BG422;2003Q4;93.5;
Общо;BG422;2004Q1;90.9;
Общо;BG422;2004Q2;95.3;
Общо;BG422;2004Q3;99.8;
Общо;BG422;2004Q4;94.7;
Общо;BG422;2005Q1;97.5;
Общо;BG422;2005Q2;108.1;
Общо;BG422;2005Q3;102.7;
Общо;BG422;2005Q4;96.2;
Общо;BG422;2006Q1;99.3;
Общо;BG422;2006Q2;112.7;
Общо;BG422;2006Q3;109.6;
Общо;BG422;2006Q4;103.8;
Общо;BG422;2007Q1;101.1;
Общо;BG422;2007Q2;102.9;
Общо;BG422;2007Q3;107.0;
Общо;BG422;2007Q4;109.6;
Общо;BG422;2008Q1;108.0;
Общо;BG422;2008Q2;113.8;
Общо;BG422;2008Q3;115.1;
Общо;BG422;2008Q4;108.8;
Общо;BG422;2009Q1;101.5;
Общо;BG422;2009Q2;111.0;
Общо;BG422;2009Q3;115.9;
Общо;BG422;2009Q4;109.6;
Общо;BG422;2010Q1;99.4;
Общо;BG422;2010Q2;104.2;
Общо;BG422;2010Q3;110.0;
Общо;BG422;2010Q4;100.7;
Общо;BG422;2011Q1;87.2;
Общо;BG422;2011Q2;88.1;
Общо;BG422;2011Q3;96.2;
Общо;BG422;2011Q4;89.1;
Общо;BG422;2012Q1;79.0;
Общо;BG422;2012Q2;87.8;
Общо;BG422;2012Q3;95.1;
Общо;BG422;2012Q4;94.6;
Общо;BG422;2013Q1;85.3;
Общо;BG422;2013Q2;92.2;
Общо;BG422;2013Q3;99.3;
Общо;BG422;2013Q4;96.6;
Общо;BG422;2014Q1;97.3;
Общо;BG422;2014Q2;100.0;
Общо;BG422;2014Q3;97.0;
Общо;BG422;2014Q4;96.6;
Общо;BG422;2015Q1;95.6;
Общо;BG422;2015Q2;102.2;
Общо;BG422;2015Q3;105.2;
Общо;BG422;2015Q4;94.3;
Общо;BG422;2016Q1;90.7;
Общо;BG422;2016Q2;98.9;
Общо;BG422;2016Q3;109.0;
Общо;BG422;2016Q4;97.8;
Общо;BG422;2017Q1;93.3;
Общо;BG422;2017Q2;97.5;
Общо;BG422;2017Q3;97.7;
Общо;BG422;2017Q4;98.4;
Общо;BG422;2018Q1;94.9;
Общо;BG422;2018Q2;96.8;
Общо;BG422;2018Q3;100.2;
Общо;BG422;2018Q4;98.1;
Общо;BG422;2019Q1;100.4;
Общо;BG422;2019Q2;104.3;
Общо;BG422;2019Q3;106.7;
